RUN,Hit Finding,SeparateStrongFromWeak,FinerInspection,Ice Ratio (%),SAMPLE,COMMENT,NOZZLE,DATE (m/d/y),START TIME (hh:mm:ss),END TIME (hh:mm:ss),LENGTH (mm:ss),MCC ENERGY (eV),PULSE LENGTH (fs),REP RATE    (Hz),CHARGE (pC),PULSE ENERGY (mJ),FOCAL SIZE (um^2),SILICON FILTERS (um),TRANSMISSION,ATTENUATION CHANGED DURING RUN?,ATTENUATOR IN FRONT OF FRONT DETECTOR (um),SAMPLE-DETECTOR Z (mm),DS1 POS Z (mm),DS1 QMAX (Å-1),DS1 MOVED DURING RUN?,DSD POS Z (mm),DSD QMAX (Å-1),DSD MOVED DURING RUN?,SAMPLE X POS ROUGH (mm),SAMPLE Y POS ROUGH (mm),SAMPLE Z POS ROUGH (mm),SAMPLE X POS FINE (encoder),SAMPLE Z POS FINE (encoder),DISTANCE FROM NOZZLE (mm),CHANGED Y OR Z POS DURING RUN?,PRESSURE SAMPLE CHAMBER (torr),PRESSURE DETECTOR STAGE (torr),GAS PRESSURE (PSI N2),LIQUID PRESSURE (PSI He),PIEZO WAVEFORM,PIEZO FREQUENCY (Hz),PIEZO AMPLITUDE (Vpp),NOZZLE DIAMETER (pixels),JET DIAMETER MEASURE AT?,JET DIAMETER (um),FLOW RATE (ul/min),DROPLET VELOCITY (m/s),DROPLET DIAMETER (um),DROPLET-DROPLET DISTANCE (um),CALCULATED TEMPERATURE (K),DAQ MODE,# OF FILES (.xtc),SIZE (GB),FRAMES / GB,FRAMES PROCESSED,#HITS hitfinder,RATE (%) hitfinder,#ICEHITS hitfinder,ICE RATIO,COMMENT copy,run copy,runnum,nxtc,sizextc,nfr,darksub,hitf,nhitf,hitfADC,hitfNAT,hitfr,icef,nicef,icefADC,icefNAT,icefr,comment
1,,,,,dark calibration,,,1/18/2013,,,0:49,,,,,,,,,,,579,,,,,,,,,,,,,,,,,,,,,,,,,,,,,120Hz-Cont,5,75,77,5788,0,0.00,0,0.00,,1,1,5,75,5788,0,0,0,500,100000,0,0,0,500,40,0,DONE
2,,,,,silver behenate,pixel calibration,,1/18/2013,,,2:31,9400,45.2,120,150,3.03,1.5x1.5,800,7.67E-04,,,129.015,-449.985,,,,,,,,,,,,,,,,,,,,,,,,,,,,120Hz-Cont,5,197,0,-1,-1,-1.00,-1,-1.00,pixel calibration,2,2,5,197,-1,-1,-1,-1,-1,-1,-1,0,-1,-1,-1,-1,no cheetah dir!
3,,,,,silver behenate,pixel calibration,,1/18/2013,,,0:52,9400,47.3,120,150,3.03,1.5x1.5,800,7.67E-04,,,129.0148,-449.9852,,,,,,,,,,,,,,,,,,,,,,,,,,,,120Hz-Cont,5,60,0,-1,-1,-1.00,-1,-1.00,pixel calibration,3,3,5,60,-1,-1,-1,-1,-1,-1,-1,0,-1,-1,-1,-1,no cheetah ini file inside cheetah dir
4,,,,,silver behenate,pixel calibration,,1/18/2013,,,1:30,9400,44.3,120,150,3.03,1.5x1.5,1040,8.91E-05,,,129.0148,-449.9852,,,,,,,,,,,,,,,,,,,,,,,,,,,,120Hz-Cont,5,100,0,-1,-1,-1.00,-1,-1.00,pixel calibration,4,4,5,100,-1,-1,-1,-1,-1,-1,-1,0,-1,-1,-1,-1,no cheetah dir!
5,,,,,Cu fluorescence,gain calibration; DSD only,,1/18/2013,,,3:44,9400,45.2,120,150,,1.5x1.5,,3.75E-04,,,129.0144,-449.9856,,,,,,,,,,,,,,,,,,,,,,,,,,,,120Hz-Cont,5,262,0,-1,-1,-1.00,-1,-1.00,gain calibration; DSD only,5,5,5,262,-1,-1,-1,-1,-1,-1,-1,0,-1,-1,-1,-1,no cheetah dir!
6,,,,,Cu fluorescence,gain calibration; DSD only,,1/18/2013,,,2:26,9400,45.2,120,150,3.03,1.5x1.5,720,1.60E-03,,,129.0144,-449.9856,,,,,,,,,,,,,,,,,,,,,,,,,,,,120Hz-Cont,5,165,0,-1,-1,-1.00,-1,-1.00,gain calibration; DSD only,6,6,5,165,-1,-1,-1,-1,-1,-1,-1,0,-1,-1,-1,-1,no cheetah dir!
7,,,,,dark calibration,,,1/18/2013,,,2:00,,,,,,,,,,,579,,,,,,,,,,,,,,,,,,,,,,,,,,,,,120Hz-Cont,5,135,106,14324,0,0.00,0,0.00,,7,7,5,135,14324,1,1,0,50,10000,0,1,0,500,40,0,DONE
8,,,,,Cu fluorescence,gain calibration; DS1 only,,1/18/2013,,,7:50,9400,50,120,150,3.03,1.5x1.5,,1.60E-03,,,229.0014,-349.9986,,,,,,,,,,,,,,,,,,,,,,,,,,,,120Hz-Cont,10,475,0,-1,-1,-1.00,-1,-1.00,gain calibration; DS1 only,8,8,10,475,-1,-1,-1,-1,-1,-1,-1,0,-1,-1,-1,-1,no cheetah dir!
9,,,,,Cu fluorescence,gain calibration,,1/18/2013,,,1:25,9400,50,120,150,3.03,1.5x1.5,,,,,229.0042,-349.9958,,,,,,,,,,,,,,,,,,,,,,,,,,,,120Hz-Cont,5,95,0,-1,-1,-1.00,-1,-1.00,gain calibration,9,9,5,95,-1,-1,-1,-1,-1,-1,-1,0,-1,-1,-1,-1,no cheetah dir!
10,,,,,Cu fluorescence,not useful; too much flux for Cu,,1/18/2013,,,0:23,9400,50,120,150,3.03,1.5x1.5,,,,,229.0048,-349.9952,,,,,,,,,,,,,,,,,,,,,,,,,,,,120Hz-Cont,5,25,0,-1,-1,-1.00,-1,-1.00,not useful; too much flux for Cu,10,10,5,25,-1,-1,-1,-1,-1,-1,-1,0,-1,-1,-1,-1,no cheetah dir!
11,,,,,Cu fluorescence,gain calibration; too short to be useful,,1/18/2013,,,1:04,9400,50,120,150,3.03,1.5x1.5,,,,,229.0046,-349.9954,,,,,,,,,,,,,,,,,,,,,,,,,,,,120Hz-Cont,5,75,0,-1,-1,-1.00,-1,-1.00,gain calibration; too short to be useful,11,11,5,75,-1,-1,-1,-1,-1,-1,-1,0,-1,-1,-1,-1,no cheetah dir!
12,,,,,Cu fluorescence,"gain calibration, last 10 s Bragg peaks ocurred",,1/18/2013,,,5:25,9400,50,120,150,3.03,1.5x1.5,,1.57E-03,,,229.0052,-349.9948,,,,,,,,,,,,,,,,,,,,,,,,,,,,120Hz-Cont,5,365,99,36000,36000,100.00,0,0.00,"gain calibration, last 10 s Bragg peaks ocurred",12,12,5,365,36000,1,1,36000,1,1000,100,0,0,500,40,0,DONE
13,X: 54 hits,X: 2 weak; 52 strong,,,H2O,~8.6 um droplets ~400 um away from the nozzle,HN130110-5,1/18/2013,15:11:50,15:17:07,5:17,9400,45.1,120,150,3.2,1.5x1.5,400,2.77E-02,,,129.0132,-449.9868,,,,,,,,,,,,,,,220,490,SINE,9.00E+05,20,,SEM,3.6,18.64,30.52,8.70,33.92,298.00,120Hz-Cont,5,355,107,37942,0,0.00,0,0.00,~8.6 um droplets ~400 um away from the nozzle,13,13,5,355,37942,1,1,0,100,10000,0,0,0,500,40,0,DONE
14,,,,,H2O,~8.6 um droplets ~400 um away from the nozzle; illumination laser on,HN130110-5,1/18/2013,15:17:17,15:25:35,8:18,9400,46.4,120,150,3.2,1.5x1.5,0,1.00E+00,,,129.013,-449.987,,,,,,6.8203,-140.1344,6.2998,32,-1212082,0.400029950159991,,4.80E-04,,220,490,SINE,9.00E+05,20,,SEM,3.6,18.64,30.52,8.70,33.92,298.00,120Hz-Cont,10,560,106,59621,9568,16.05,0,0.00,~8.6 um droplets ~400 um away from the nozzle; illumination laser on,14,14,10,560,59621,1,1,9568,100,100000,16.05,0,0,500,40,0,DONE
15,,,,,H2O,~8.6 um droplets ~400 um away from the nozzle,HN130110-5,1/18/2013,15:25:38,15:39:55,14:17,9400,46.4,120,150,3.2,1.5x1.5,0,1.00E+00,,,129.013,-449.987,,,,,,6.8203,-140.1344,6.2998,32,-1212082,0.400029950159991,,4.80E-04,,220,490,SINE,9.00E+05,20,,SEM,3.6,18.64,30.52,8.70,33.92,298.00,120Hz-Cont,15,965,106,102480,13217,12.90,0,0.00,~8.6 um droplets ~400 um away from the nozzle,15,15,15,965,102480,1,1,13217,100,100000,12.9,0,0,500,40,0,DONE
16,,,,,H2O,~8.6 um droplets ~400 um away from the nozzle; illumination laser off,HN130110-5,1/18/2013,15:39:59,15:50:51,10:52,9400,46.4,120,150,3.2,1.5x1.5,0,1.00E+00,,,129.0126,-449.9874,,,,,,6.8228,-140.1344,6.2998,37,-1212072,0.400007024188332,,4.80E-04,,220,490,SINE,9.00E+05,20,,SEM,3.6,18.64,30.52,8.70,33.92,298.00,120Hz-Cont,10,746,100,74619,8561,11.47,0,0.00,~8.6 um droplets ~400 um away from the nozzle; illumination laser off,16,16,10,746,74619,1,1,8561,100,100000,11.47,0,0,500,40,0,DONE
17,,,,,H2O,~8.6 um droplets ~20 mm away from nozzle; illumination laser on; very low hit rate,HN130110-5,1/18/2013,16:00:50,16:17:43,16:53,9400,45.7,120,150,3.2,1.5x1.5,0,1.00E+00,,,129.0128,-449.9872,,,,,,8.2207,-120.1344,11.2002,44,-1212061,21.0267104161409,,4.80E-04,,221,487,SINE,9.00E+05,20,,SEM,3.6,18.64,30.52,8.69,33.92,245.64,120Hz-Cont,15,"1,140",106,121326,5,0.00,5,0.00,~8.6 um droplets ~20 mm away from nozzle; illumination laser on; very low hit rate,17,17,15,1140,121326,1,1,5,50,10000,0,1,5,500,40,0,DONE
18,,,,,H2O,~8.6 um droplets ~25 mm away from the nozzle; no hits,HN130110-5,1/18/2013,17:29:47,17:30:08,0:22,9400,48.5,120,150,3.2,1.5x1.5,640,3.20E-03,,,129.0126,-449.9874,,,,,,8.4004,-115.1344,11,42,-1212061,25.879225170164,,4.50E-04,,200,494,SINE,9.00E+05,20,,SEM,3.6,18.64,30.52,8.73,33.92,242.54,120Hz-Cont,5,25,104,2609,0,0.00,0,0.00,~8.6 um droplets ~25 mm away from the nozzle; no hits,18,18,5,25,2609,1,1,0,50,10000,0,1,0,500,40,0,DONE
19,,,,,H2O,~8.6 um droplets ~25 mm away from the nozzle,HN130110-5,1/18/2013,17:30:14,17:35:01,4:47,9400,48.5,120,150,3.2,1.5x1.5,640,3.20E-03,changed to 0.0277,,129.0126,-449.9874,,,,,,8.4004,-115.1344,11,42,-1212081,25.8792070078867,,4.50E-04,,197,490,SINE,9.00E+05,20,,SEM,3.6,18.64,30.52,8.70,33.92,242.54,120Hz-Cont,5,320,107,34301,1,0.00,1,0.00,~8.6 um droplets ~25 mm away from the nozzle,19,19,5,320,34301,1,1,1,50,10000,0,1,1,500,40,0,DONE
20,,,,,H2O,~8.6 um droplets ~25 mm away from the nozzle,HN130110-5,1/18/2013,17:35:17,17:55:13,19:56,9400,43.9,120,150,3.2,1.5x1.5,,2.00E-02,,,129.0128,-449.9872,,,,,,8.4004,-115.1344,11,42,-1212081,25.8792070078867,,4.50E-04,,200,490,SINE,9.00E+05,20,,SEM,3.6,18.64,30.52,8.70,33.92,242.54,120Hz-Cont,15,"1,340",107,143172,1470,1.03,7,0.00,~8.6 um droplets ~25 mm away from the nozzle,20,20,15,1340,143172,1,1,1470,50,10000,1.03,1,7,500,40,0,DONE
21,,,,,H2O,~8.6 um droplets ~25 mm away from the nozzle,HN130110-5,1/18/2013,17:55:31,17:59:07,3:36,9400,46.5,120,150,3.2,1.5x1.5,,1.17E-01,,,129.0128,-449.9872,,,,,,8.4004,-115.1344,11,40,-1212080,25.8792073072984,,4.50E-04,,200,488,SINE,9.00E+05,20,,SEM,3.6,18.64,30.52,8.69,33.92,242.54,120Hz-Cont,6,303,64,19496,765,3.92,91,0.47,~8.6 um droplets ~25 mm away from the nozzle,21,21,6,303,19496,1,1,765,50,10000,3.92,1,91,500,40,0.47,DONE
22,,,,,H2O,~8.6 um droplets ~25 mm away from the nozzle,HN130110-5,1/18/2013,17:59:13,18:55:00,55:47,9400,47.9,120,150,3.2,1.5x1.5,,1.17E-01,,,129.0126,-449.9874,,,,,,8.4004,-115.1344,11,40,-1212100,25.8791891453756,,4.50E-04,,197,484,SINE,9.00E+05,20,,SEM,3.6,18.64,30.52,8.67,33.92,242.54,120Hz-Cont,46,"3,827",99,379429,13296,3.50,1683,0.44,~8.6 um droplets ~25 mm away from the nozzle,22,22,46,3827,379429,1,1,13296,50,10000,3.5,1,1683,500,40,0.44,DONE
23,,,,,H2O,~8.6 um droplets ~35 mm away from the nozzle,HN130110-5,1/18/2013,19:07:27,19:26:56,19:29,9400,49.7,120,150,3.08,1.5x1.5,400,2.77E-02,,,129.0128,-449.9872,,,,,,9.0254,-105.1344,12.7002,36,-1212100,36.0411564485204,,4.50E-04,,200,480,SINE,9.00E+05,20,,SEM,3.6,18.64,30.52,8.64,33.92,238.19,120Hz-Cont,15,"1,310",107,139528,1492,1.07,115,0.08,~8.6 um droplets ~35 mm away from the nozzle,23,23,15,1310,139528,1,1,1492,50,10000,1.07,1,115,500,40,0.08,DONE
24,,,,,H2O,~8.6 um droplets ~35 mm away from the nozzle,HN130110-5,1/18/2013,19:28:13,19:29:36,1:23,9400,49.7,120,150,3.08,1.5x1.5,240,1.10E-01,,,129.0128,-449.9872,,,,,,9.0254,-105.1344,12.7002,36,-1212100,36.0411564485204,,4.50E-04,,200,480,SINE,9.00E+05,20,,SEM,3.6,18.64,30.52,8.64,33.92,238.19,120Hz-Cont,5,95,104,9866,232,2.35,71,0.72,~8.6 um droplets ~35 mm away from the nozzle,24,24,5,95,9866,1,1,232,50,10000,2.35,1,71,500,40,0.72,DONE
25,,,,,H2O,~8.6 um droplets ~35 mm away from the nozzle,HN130110-5,1/18/2013,19:30:19,20:00:27,30:08,9400,49.7,120,150,3.08,1.5x1.5,400,2.77E-02,,,129.0126,-449.9874,,,,,,9.0254,-105.1344,12.7002,34,-1212097,36.0411585017997,,4.50E-04,,200,480,SINE,9.00E+05,20,,SEM,3.6,18.64,30.52,8.64,33.92,238.19,120Hz-Cont,26,"2,225",91,203258,0,0.00,0,0.00,~8.6 um droplets ~35 mm away from the nozzle,25,25,26,2225,203258,1,1,0,50,10000,0,1,0,500,40,0,DONE
26,,,,,dark calibration,,,1/18/2013,20:00:41,20:02:45,2:04,,,,,,,,,,,579,,,,,,,,,,,,140.70025004174,,,,,,,,,,,,,,,,,120Hz-Cont,5,140,105,14712,0,0.00,0,0.00,,26,26,5,140,14712,1,1,0,100,10000,0,0,0,500,40,0,DONE
27,,,,,H2O,~8.6 um droplets ~45 mm away from the nozzle,HN130110-5,1/18/2013,20:09:20,20:31:00,21:40,9400,48.3,120,150,3.08,1.5x1.5,400,2.77E-02,,,129.0128,-449.9872,,,,,,9.2246,-95.1344,13.9004,34,-1212070,46.0943296380132,,4.40E-04,,190,476,SINE,9.00E+05,20,,SEM,3.6,18.64,30.52,8.62,33.92,235.35,120Hz-Cont,20,"1,469",106,155328,1277,0.82,303,0.20,~8.6 um droplets ~45 mm away from the nozzle,27,27,20,1469,155328,1,1,1277,50,10000,0.82,1,303,500,40,0.2,DONE
28,,,,,H2O,~8.6 um droplets ~45 mm away from the nozzle,HN130110-5,1/18/2013,20:31:08,20:32:28,1:20,9400,48.3,120,150,3.08,1.5x1.5,400,2.77E-02,,,129.0128,-449.9872,,,,,,9.2246,-95.1344,13.9004,34,-1212070,46.0943296380132,,4.40E-04,,186,480,SINE,9.00E+05,20,,SEM,3.6,18.64,30.52,8.64,33.92,235.35,120Hz-Cont,5,100,85,8461,59,0.70,21,0.25,~8.6 um droplets ~45 mm away from the nozzle,28,28,5,100,8461,1,1,59,50,10000,0.7,1,21,500,40,0.25,DONE
29,,,,,H2O,~8.6 um droplets ~45 mm away from the nozzle,HN130110-5,1/18/2013,20:32:37,20:59:42,27:05,9400,48.3,120,150,3.08,1.5x1.5,400,2.77E-02,,,129.0128,-449.9872,,,,,,9.2246,-95.1344,13.9004,34,-1212070,46.0943296380132,,4.40E-04,,190,480,SINE,9.00E+05,20,,SEM,3.6,18.64,30.52,8.64,33.92,235.35,120Hz-Cont,25,"1,839",105,192408,1568,0.81,395,0.21,~8.6 um droplets ~45 mm away from the nozzle,29,29,25,1839,192408,1,1,1568,50,10000,0.81,1,395,500,40,0.21,DONE
30,,,,,dark calibration,,,1/18/2013,21:01:10,21:07:41,6:31,,,,,,,,,,,579,,,,,,,,,,,,,,,,,,,,,,,,,,,,,120Hz-Cont,5,215,104,22349,0,0.00,0,0.00,,30,30,5,215,22349,1,1,0,100,10000,0,0,0,500,40,0,DONE
31,,,,,dark calibration,,,1/19/2013,,,,,,,,,,,,,,579,,,,,,,,,,,,,,,,,,,,,,,,,,,,,120Hz-Cont,5,10,83,826,0,0.00,0,0.00,,31,31,5,10,826,1,1,0,50,10000,0,1,0,500,40,0,DONE
32,,,,,dark calibration,,,1/19/2013,,,,,,,,,,,,,,579,,,,,,,,,,,,,,,,,,,,,,,,,,,,,120Hz-Cont,5,5,63,317,0,0.00,0,0.00,,32,32,5,5,317,1,1,0,50,10000,0,1,0,500,40,0,DONE
33,,,,,dark calibration,,,1/19/2013,,,,,,,,,,,,,,579,,,,,,,,,,,,,,,,,,,,,,,,,,,,,120Hz-Cont,5,5,97,484,0,0.00,0,0.00,,33,33,5,5,484,1,1,0,50,10000,0,1,0,500,40,0,DONE
34,,,,,dark calibration,,,1/19/2013,,,,,,,,,,,,,,579,,,,,,,,,,,,,,,,,,,,,,,,,,,,,120Hz-Cont,5,5,90,451,0,0.00,0,0.00,,34,34,5,5,451,1,1,0,50,10000,0,1,0,500,40,0,DONE
35,,,,,dark calibration,,,1/19/2013,,,,,,,,,,,,,,579,,,,,,,,,,,,,,,,,,,,,,,,,,,,,120Hz-Cont,5,30,78,2338,0,0.00,0,0.00,,35,35,5,30,2338,1,1,0,50,10000,0,1,0,500,40,0,DONE
36,,,,,dark calibration,,,1/19/2013,,,2:48,,,,,,,,,,,579,,,,,,,,,,,,,,,,,,,,,,,,,,,,,120Hz-Cont,5,225,89,20045,0,0.00,0,0.00,,36,36,5,225,20045,1,1,0,50,10000,0,1,0,500,40,0,DONE
37,,,,,H2O,~14.8 um droplets ~300 um away from the nozzle,CXI Feb2011-1,1/19/2013,10:33:13,10:56:46,23:23,9400,51.8,120,150,2.99,1.5x1.5,0,1.00E+00,,,129.0148,-449.9852,,,,,,2.3945,-139.785,1.2803,22,-1212062,0.300000000416678,,5.90E-04,,500,210,SINE,2.00E+05,20,,,,,,,,,120Hz-Cont,20,"1,616",22,35000,6538,18.68,3,0.01,~14.8 um droplets ~300 um away from the nozzle,37,37,20,1616,35000,1,1,6538,100,10000,18.68,1,3,2000,40,0.01,JOB NOT FINISHED
38,,,,,dark calibration,,,1/19/2013,11:15:35,11:16:23,0:48,,,,,,,,,,,579,,,,,,,,,,,,,,,,,,,,,,,,,,,,,120Hz-Cont,5,55,103,5656,0,0.00,0,0.00,,38,38,5,55,5656,1,1,0,50,10000,0,1,0,500,40,0,DONE
39,,,,,H2O,~14.8 um droplets ~10 mm away from the nozzle,CXI Feb2011-1,1/19/2013,11:19:45,11:22:05,2:20,9400,48,120,150,2.99,1.5x1.5,480,1.35E-02,,,129.0134,-449.9866,,,,,,2.5469,-129.785,1.1797,26,-1212060,10.3016190352124,,5.70E-04,,500,210,SINE,2.00E+05,20,,,,,,,,,120Hz-Cont,5,158,94,14885,259,1.74,1,0.01,~14.8 um droplets ~10 mm away from the nozzle,39,39,5,158,14885,1,1,259,50,10000,1.74,1,1,500,40,0.01,DONE
40,,,,,H2O,~14.8 um droplets ~10 mm away from the nozzle,CXI Feb2011-1,1/19/2013,11:22:15,11:27:10,4:55,9400,50,120,150,2.99,1.5x1.5,480,1.35E-02,,,129.0132,-449.9868,,,,,,2.5469,-129.785,1.1797,26,-1212060,10.3016190352124,,5.80E-04,,500,210,SINE,2.00E+05,20,,,,,,,,,120Hz-Cont,5,349,94,32768,72,0.22,1,0.00,~14.8 um droplets ~10 mm away from the nozzle,40,40,5,349,32768,1,1,72,50,10000,0.22,1,1,500,40,0,DONE
41,,,,,H2O,~14.8 um droplets ~10 mm away from the nozzle,CXI Feb2011-1,1/19/2013,11:27:28,11:32:59,5:31,9400,48.2,120,150,2.99,1.5x1.5,480,1.35E-02,,,129.0132,-449.9868,,,,,,2.5469,-129.785,1.1797,26,-1212060,10.3016190352124,,5.80E-04,,500,210,SINE,2.00E+05,20,,,,,,,,,120Hz-Cont,5,370,107,39729,501,1.26,2,0.01,~14.8 um droplets ~10 mm away from the nozzle,41,41,5,370,39729,1,1,501,50,10000,1.26,1,2,500,40,0.01,DONE
42,,,,,H2O,~14.8 um droplets ~30 mm away from the nozzle; DAQ problems,CXI Feb2011-1,1/19/2013,11:37:38,11:42:48,5:10,9400,48,120,150,2.99,1.5x1.5,480,1.35E-02,,,129.0132,-449.9868,,,,,,2.8896,-109.785,0.7803,29,-1212056,30.3081696679266,,5.80E-04,,500,210,SINE,2.00E+05,20,,,,,,,,,120Hz-Cont,5,355,101,35877,461,1.28,1,0.00,~14.8 um droplets ~30 mm away from the nozzle; DAQ problems,42,42,5,355,35877,1,1,461,50,10000,1.28,1,1,500,40,0,DONE
43,,,,,H2O,~14.8 um droplets ~30 mm away from the nozzle,CXI Feb2011-1,1/19/2013,11:44:09,11:56:22,12:13,9400,47.9,120,150,2.99,1.5x1.5,480,1.35E-02,,,129.013,-449.987,,,,,,2.8896,-109.785,0.7803,29,-1212059,30.3081699153809,,5.80E-04,,500,210,SINE,2.00E+05,20,,,,,,,,,120Hz-Cont,10,825,106,87838,296,0.34,2,0.00,~14.8 um droplets ~30 mm away from the nozzle,43,43,10,825,87838,1,1,296,50,10000,0.34,1,2,500,40,0,DONE
44,,,,,H2O,~14.8 um droplets ~30 mm away from the nozzle; jet instable,CXI Feb2011-1,1/19/2013,11:56:45,12:00:09,3:24,9400,47.9,120,150,2.99,1.5x1.5,400,2.77E-02,,,129.0128,-449.9872,,,,,,2.8896,-109.785,0.7803,29,-1212059,30.3081699153809,,5.80E-04,,500,210,SINE,2.00E+05,20,,,,,,,,,120Hz-Cont,5,230,106,24391,0,0.00,0,0.00,~14.8 um droplets ~30 mm away from the nozzle; jet instable,44,44,5,230,24391,1,1,0,50,10000,0,1,0,500,40,0,DONE
45,,,,,H2O,~15.8 um droplets ~30 mm away from the nozzle,CXI Feb2011-1,1/19/2013,12:25:11,12:34:57,9:46,9400,50.1,120,150,2.99,1.5x1.5,400,2.77E-02,,,129.0126,-449.9874,,,,,,2.5898,-109.785,0.5811,32,-1212053,30.3086951593916,,6.00E-04,,460,250,SINE,2.00E+05,20,,,,,,,,,120Hz-Cont,10,676,100,67412,794,1.18,3,0.00,~15.8 um droplets ~30 mm away from the nozzle,45,45,10,676,67412,1,1,794,50,10000,1.18,1,3,500,40,0,DONE
46,,,,,H2O,~15.8 um droplets ~30 mm away from the nozzle; DAQ problems,CXI Feb2011-1,1/19/2013,12:35:03,12:35:13,0:10,9400,47.6,120,150,2.99,1.5x1.5,400,2.77E-02,,,129.0126,-449.9874,,,,,,2.5898,-109.785,0.5811,32,-1212053,30.3086951593916,,6.00E-04,,460,250,SINE,2.00E+05,20,,,,,,,,,120Hz-Cont,5,10,57,572,1,0.17,0,0.00,~15.8 um droplets ~30 mm away from the nozzle; DAQ problems,46,46,5,10,572,1,1,1,50,10000,0.17,1,0,500,40,0,DONE
47,,,,,H2O,~15.8 um droplets ~30 mm away from the nozzle,CXI Feb2011-1,1/19/2013,12:35:16,12:39:23,4:07,9400,47.6,120,150,2.99,1.5x1.5,400,2.77E-02,,,129.0126,-449.9874,,,,,,2.5898,-109.785,0.5811,32,-1212053,30.3086951593916,,6.00E-04,,460,250,SINE,2.00E+05,20,,,,,,,,,120Hz-Cont,5,282,97,27287,567,2.08,0,0.00,~15.8 um droplets ~30 mm away from the nozzle,47,47,5,282,27287,1,1,567,50,10000,2.08,1,0,500,40,0,DONE
48,,,,,H2O,~15.8 um droplets ~30 mm away from the nozzle,CXI Feb2011-1,1/19/2013,12:39:55,12:53:14,13:19,9400,47.6,120,150,2.99,1.5x1.5,200,1.67E-01,,,129.0126,-449.9874,,,,,,2.5898,-109.785,0.5811,32,-1212053,30.3086951593916,,6.00E-04,,460,250,SINE,2.00E+05,20,,,,,,,,,120Hz-Cont,15,916,81,74379,2347,3.16,475,0.64,~15.8 um droplets ~30 mm away from the nozzle,48,48,15,916,74379,1,1,2347,50,10000,3.16,1,475,500,40,0.64,DONE
49,,,,,dark calibration,"shutters in, treat as dark calibration",,1/19/2013,12:53:24,12:58:15,4:51,9400,48.5,120,150,2.99,1.5x1.5,200,1.67E-01,,,579,,,,,,,2.5654,-109.785,0.4805,32,-1212053,30.3110352456812,,6.00E-04,,460,250,SINE,2.00E+05,20,,,,,,,,,120Hz-Cont,4,328,106,34872,0,0.00,0,0.00,"shutters in, treat as dark calibration",49,49,4,328,34872,1,1,0,50,10000,0,1,0,500,40,0,DONE
50,,,,,H2O,~15.8 um droplets ~30 mm away from the nozzle,CXI Feb2011-1,1/19/2013,12:58:17,13:14:09,15:52,9400,48.5,120,150,2.99,1.5x1.5,200,1.67E-01,,,129.0124,-449.9876,,,,,,2.5654,-109.785,0.4805,32,-1212058,30.3110359053275,,6.00E-04,,460,250,SINE,2.00E+05,20,,,,,,,,,120Hz-Cont,16,"1,081",105,113326,3446,3.04,735,0.65,~15.8 um droplets ~30 mm away from the nozzle,50,50,16,1081,113326,1,1,3446,50,10000,3.04,1,735,500,40,0.65,DONE
51,,,,,H2O,~15.8 um droplets ~35 mm away from the nozzle,CXI Feb2011-1,1/19/2013,13:14:43,13:15:42,0:59,9400,48.5,120,150,2.99,1.5x1.5,320,5.68E-02,,,129.0124,-449.9876,,,,,,2.6035,-104.785,0.3301,36,-1212058,35.3134051444158,,6.00E-04,,460,250,SINE,2.00E+05,20,,,,,,,,,120Hz-Cont,4,66,103,6804,22,0.32,1,0.01,~15.8 um droplets ~35 mm away from the nozzle,51,51,4,66,6804,1,1,22,50,10000,0.32,1,1,500,40,0.01,DONE
52,,,,,H2O,~15.8 um droplets ~35 mm away from the nozzle; aborted,CXI Feb2011-1,1/19/2013,13:15:50,13:19:02,3:12,9400,48.5,120,150,2.99,1.5x1.5,320,5.68E-02,,,129.0124,-449.9876,,,,,,2.6035,-104.785,0.3301,36,-1212058,35.3134051444158,,6.00E-04,,460,250,SINE,2.00E+05,20,,,,,,,,,120Hz-Cont,5,220,100,22000,176,0.80,7,0.03,~15.8 um droplets ~35 mm away from the nozzle; aborted,52,52,5,220,22000,1,1,176,50,10000,0.8,1,7,500,40,0.03,JOB NOT FINISHED
53,,,,,H2O,~15.8 um droplets ~35 mm away from the nozzle; lots of damaged events,CXI Feb2011-1,1/19/2013,13:20:42,13:31:02,10:20,9400,48.5,120,150,2.99,1.5x1.5,320,5.68E-02,,,129.0124,-449.9876,,,,,,2.6035,-104.785,0.3301,36,-1212058,35.3134051444158,,6.00E-04,,460,250,SINE,2.00E+05,20,,,,,,,,,120Hz-Cont,10,705,101,71403,1261,1.77,139,0.19,~15.8 um droplets ~35 mm away from the nozzle; lots of damaged events,53,53,10,705,71403,1,1,1261,50,10000,1.77,1,139,500,40,0.19,DONE
54,,,,,H2O,~15.8 um droplets ~35 mm away from the nozzle,CXI Feb2011-1,1/19/2013,13:31:10,13:34:57,3:47,9400,48.5,120,150,2.99,1.5x1.5,320,5.68E-02,,,129.0124,-449.9876,,,,,,2.6035,-104.785,0.3799,36,-1212058,35.31210024215,,6.00E-04,,460,250,SINE,2.00E+05,20,,,,,,,,,120Hz-Cont,4,257,105,27109,656,2.42,0,0.00,~15.8 um droplets ~35 mm away from the nozzle,54,54,4,257,27109,1,1,656,50,10000,2.42,0,0,500,40,0,DONE
55,,,,,H2O,~15.8 um droplets ~35 mm away from the nozzle,CXI Feb2011-1,1/19/2013,13:35:14,13:51:43,16:29,9400,48.5,120,150,2.99,1.5x1.5,200,1.67E-01,,,129.0124,-449.9876,,,,,,2.6035,-104.785,0.3799,36,-1212058,35.31210024215,,6.00E-04,,460,250,SINE,2.00E+05,20,,,,,,,,,120Hz-Cont,16,"1,148",101,115411,2718,2.36,640,0.55,~15.8 um droplets ~35 mm away from the nozzle,55,55,16,1148,115411,1,1,2718,50,10000,2.36,1,640,500,40,0.55,DONE
56,,,,,H2O,~15.8 um droplets ~35 mm away from the nozzle,CXI Feb2011-1,1/19/2013,13:51:51,14:21:19,29:28,9400,48.5,120,150,2.99,1.5x1.5,200,1.67E-01,,,129.0122,-449.9878,,,,,,2.6035,-104.785,0.3799,35,-1212043,35.3096766105738,,6.00E-04,,460,250,SINE,2.00E+05,20,,,,,,,,,120Hz-Cont,24,"1,999",106,211598,4160,1.97,838,0.40,~15.8 um droplets ~35 mm away from the nozzle,56,56,24,1999,211598,1,1,4160,50,10000,1.97,1,838,500,40,0.4,DONE
57,,,,,H2O,~15.8 um droplets ~40 mm away from the nozzle,,1/19/2013,14:21:42,14:22:24,0:42,9400,50.8,120,150,2.99,1.5x1.5,280,8.60E-02,,,129.0122,-449.9878,,,,,,2.7109,-99.785,0.4805,40,-1212052,40.3091775299404,,6.00E-04,,460,250,SINE,2.00E+05,20,,,,,,,,,120Hz-Cont,6,48,102,4895,5,0.10,0,0.00,~15.8 um droplets ~40 mm away from the nozzle,57,57,6,48,4895,1,1,5,50,10000,0.1,1,0,500,40,0,DONE
58,,,,,H2O,~15.8 um droplets ~40 mm away from the nozzle,CXI Feb2011-1,1/19/2013,14:22:32,14:24:33,2:01,9400,50.8,120,150,2.99,1.5x1.5,280,8.60E-02,-1566.566,,129.0124,-449.9876,,,,,,2.7188,-99.785,0.4805,39,-1212054,40.3092404905218,,6.00E-04,,460,250,SINE,2.00E+05,20,,,,,,,,,120Hz-Cont,5,143,97,13941,55,0.39,22,0.16,~15.8 um droplets ~40 mm away from the nozzle,58,58,5,143,13941,1,1,55,50,10000,0.39,1,22,500,40,0.16,DONE
59,,,,,H2O,~15.8 um droplets ~40 mm away from the nozzle,CXI Feb2011-1,1/19/2013,14:24:39,14:39:57,15:18,9400,50.8,120,150,2.99,1.5x1.5,280,8.60E-02,,,129.0122,-449.9878,,,,,,2.7246,-99.785,0.2305,37,-1212057,40.3150229799823,,6.00E-04,,460,250,SINE,2.00E+05,20,,,,,,,,,120Hz-Cont,12,"1,047",103,107730,961,0.89,347,0.32,~15.8 um droplets ~40 mm away from the nozzle,59,59,12,1047,107730,1,1,961,50,10000,0.89,1,347,500,40,0.32,DONE
60,,,,,H2O,~15.8 um droplets ~40 mm away from the nozzle; DAQ problems,CXI Feb2011-1,1/19/2013,14:39:59,14:40:52,0:53,9400,50.8,120,150,2.99,1.5x1.5,280,8.60E-02,,,129.0122,-449.9878,,,,,,2.7266,-99.785,0.2305,40,-1212059,40.3150397935811,,6.00E-04,,460,250,SINE,2.00E+05,20,,,,,,,,,120Hz-Cont,6,71,81,5777,116,2.01,0,0.00,~15.8 um droplets ~40 mm away from the nozzle; DAQ problems,60,60,6,71,5777,1,1,116,50,10000,2.01,0,0,500,40,0,DONE
61,,,,,H2O,~15.8 um droplets ~40 mm away from the nozzle,CXI Feb2011-1,1/19/2013,14:40:55,14:50:00,9:05,9400,50.8,120,150,2.99,1.5x1.5,280,8.60E-02,,,129.0122,-449.9878,,,,,,2.7266,-99.785,0.2305,40,-1212059,40.3150397935811,,6.00E-04,,460,250,SINE,2.00E+05,20,,,,,,,,,120Hz-Cont,12,619,104,64208,1320,2.06,0,0.00,~15.8 um droplets ~40 mm away from the nozzle,61,61,12,619,64208,1,1,1320,50,10000,2.06,0,0,500,40,0,DONE
62,,,,,H2O,~15.8 um droplets ~40 mm away from the nozzle,CXI Feb2011-1,1/19/2013,14:50:03,14:58:48,8:45,9400,50.8,120,150,2.99,1.5x1.5,280,8.60E-02,,,129.0122,-449.9878,,,,,,2.7266,-99.785,0.2305,40,-1212059,40.3150397935811,,6.00E-04,,460,250,SINE,2.00E+05,20,,,,,,,,,120Hz-Cont,12,597,105,62901,1030,1.64,0,0.00,~15.8 um droplets ~40 mm away from the nozzle,62,62,12,597,62901,1,1,1030,50,10000,1.64,0,0,500,40,0,DONE
63,,,,,H2O,~15.8 um droplets ~40 mm away from the nozzle,CXI Feb2011-1,1/19/2013,14:58:50,15:34:39,35:49,9400,50.8,120,150,2.99,1.5x1.5,280,8.60E-02,,,129.0122,-449.9878,,,,,,2.7266,-99.785,0.2305,40,-1212059,40.3150397935811,,6.00E-04,,460,250,SINE,2.00E+05,20,,,,,,,,,120Hz-Cont,30,"2,431",106,257566,4259,1.65,1715,0.67,~15.8 um droplets ~40 mm away from the nozzle,63,63,30,2431,257566,1,1,4259,50,10000,1.65,1,1715,500,40,0.67,DONE
64,,,,,H2O,~15.8 um droplets ~40 mm away from the nozzle,CXI Feb2011-1,1/19/2013,15:34:40,15:55:28,20:48,9400,50.8,120,150,2.99,1.5x1.5,280,8.60E-02,,,129.0122,-449.9878,,,,,,2.7627,-99.785,0.1299,40,-1212059,40.3180984344131,,6.00E-04,,460,250,SINE,2.00E+05,20,,,,,,,,,120Hz-Cont,18,"1,411",106,149356,1748,1.17,618,0.41,~15.8 um droplets ~40 mm away from the nozzle,64,64,18,1411,149356,1,1,1748,50,10000,1.17,1,618,500,40,0.41,DONE
65,,,,,dark calibration,bad run; DAQ problems,,1/19/2013,15:55:33,1:56:49,1:16,,,,,,,,,,,579,,,,,,,,,,,,,,,,,,,,,,,,,,,,,120Hz-Cont,6,110,74,8092,0,0.00,0,0.00,bad run; DAQ problems,65,65,6,110,8092,1,1,0,50,10000,0,1,0,500,40,0,DONE
66,,,,,dark calibration,,,1/19/2013,15:56:52,15:58:58,2:06,,,,,,,,,,,579,,,,,,,,,,,,,,,,,,,,,,,,,,,,,120Hz-Cont,6,147,103,15073,0,0.00,0,0.00,,66,66,6,147,15073,1,1,0,50,10000,0,1,0,500,40,0,DONE
67,,,,,H2O,~15.8 um droplets ~45 mm away from the nozzle,CXI Feb2011-1,1/19/2013,15:59:01,16:14:14,15:13,9400,47.6,120,150,2.99,1.5x1.5,400,2.77E-02,,,129.0122,-449.9878,,,,,,2.7773,-94.785,0.0303,33,-1212060,45.3188602491239,,6.00E-04,,460,250,SINE,2.00E+05,20,,,,,,,,,120Hz-Cont,12,"1,038",105,108868,1394,1.28,3,0.00,~15.8 um droplets ~45 mm away from the nozzle,67,67,12,1038,108868,1,1,1394,50,10000,1.28,1,3,500,40,0,DONE
68,,,,,H2O,~15.8 um droplets ~45 mm away from the nozzle,CXI Feb2011-1,1/19/2013,16:14:34,16:36:14,21:40,9400,48.8,120,150,2.99,1.5x1.5,240,1.16E-01,,,129.0124,-449.9876,,,,,,2.7852,-94.785,0.0303,33,-1212060,45.3189276779319,,6.00E-04,,460,250,SINE,2.00E+05,20,,,,,,,,,120Hz-Cont,18,"1,470",106,155606,2628,1.69,892,0.57,~15.8 um droplets ~45 mm away from the nozzle,68,68,18,1470,155606,1,1,2628,50,10000,1.69,1,892,500,40,0.57,DONE
69,,,,,H2O,~15.8 um droplets ~45 mm away from the nozzle; pressure burst; stopped run,CXI Feb2011-1,1/19/2013,16:36:16,16:43:43,7:27,9400,48.8,120,150,2.99,1.5x1.5,240,1.16E-01,,,129.0122,-449.9878,,,,,,2.7812,-94.785,0.0303,33,-1212060,45.3188933646622,,6.00E-04,,460,250,SINE,2.00E+05,20,,,,,,,,,120Hz-Cont,6,504,106,53375,687,1.29,0,0.00,~15.8 um droplets ~45 mm away from the nozzle; pressure burst; stopped run,69,69,6,504,53375,1,1,687,50,10000,1.29,0,0,500,40,0,DONE
70,,,,,H2O,~15.8 um droplets ~45 mm away from the nozzle,CXI Feb2011-1,1/19/2013,16:47:06,17:05:46,18:40,9400,48.8,120,150,2.99,1.5x1.5,240,1.16E-01,,,129.0122,-449.9878,,,,,,2.7812,-94.785,0.0303,33,-1212060,45.3188933646622,,6.00E-04,,460,250,SINE,2.00E+05,20,,,,,,,,,120Hz-Cont,18,"1,266",106,134125,1121,0.84,399,0.30,~15.8 um droplets ~45 mm away from the nozzle,70,70,18,1266,134125,1,1,1121,50,10000,0.84,1,399,500,40,0.3,DONE
71,,,,,H2O,~15.8 um droplets ~50 mm away from the nozzle; lots of damaged events,CXI Feb2011-1,1/19/2013,17:08:00,17:11:16,3:16,9400,51.3,120,150,2.99,1.5x1.5,400,2.77E-02,,,129.0124,-449.9876,,,,,,2.7666,-89.785,0.0205,30,-1212072,50.3171516654038,,5.90E-04,,460,250,SINE,2.00E+05,20,,,,,,,,,120Hz-Cont,6,242,91,21942,165,0.75,0,0.00,~15.8 um droplets ~50 mm away from the nozzle; lots of damaged events,71,71,6,242,21942,1,1,165,50,10000,0.75,0,0,500,40,0,DONE
72,,,,,H2O,~15.8 um droplets ~50 mm away from the nozzle,CXI Feb2011-1,1/19/2013,17:11:20,17:46:40,35:20,9400,51.3,120,150,2.99,1.5x1.5,400,2.77E-02,,,129.0124,-449.9876,,,,,,2.7666,-89.785,0.0205,30,-1212072,50.3171516654038,,5.90E-04,,460,250,SINE,2.00E+05,20,,,,,,,,,120Hz-Cont,30,"2,404",105,251837,2689,1.07,0,0.00,~15.8 um droplets ~50 mm away from the nozzle,72,72,30,2404,251837,1,1,2689,50,10000,1.07,0,0,500,40,0,DONE
73,,,,,H2O,~15.8 um droplets ~50 mm away from the nozzle,CXI Feb2011-1,1/19/2013,17:46:42,17:47:10,0:28,9400,50,120,150,2.99,1.5x1.5,400,2.77E-02,,,129.0124,-449.9876,,,,,,2.7666,-89.785,0.0205,30,-1212072,50.3171516654038,,5.90E-04,,460,250,SINE,2.00E+05,20,,,,,,,,,120Hz-Cont,6,33,95,3146,23,0.73,0,0.00,~15.8 um droplets ~50 mm away from the nozzle,73,73,6,33,3146,1,1,23,50,10000,0.73,1,0,500,40,0,DONE
74,,,,,H2O,~15.8 um droplets ~50 mm away from the nozzle,CXI Feb2011-1,1/19/2013,17:47:21,18:10:42,23:21,9400,50,120,150,2.99,1.5x1.5,400,2.77E-02,,,129.0124,-449.9876,,,,,,2.7666,-89.785,0.0205,30,-1212072,50.3171516654038,,5.90E-04,,460,250,SINE,2.00E+05,20,,,,,,,,,120Hz-Cont,18,"1,584",106,167880,1705,1.02,5,0.00,~15.8 um droplets ~50 mm away from the nozzle,74,74,18,1584,167880,1,1,1705,50,10000,1.02,1,5,500,40,0,DONE
75,,,,,dark calibration,,,1/19/2013,18:10:54,18:12:39,1:45,,,,,,,,,,,579,,,,,,,,,,,,,,,,,,,,,,,,,,,,,120Hz-Cont,6,120,104,12440,0,0.00,0,0.00,,75,75,6,120,12440,1,1,0,50,10000,0,1,0,500,40,0,DONE
76,,,,,H2O,~15.8 um droplets ~50 mm away from the nozzle,CXI Feb2011-1,1/19/2013,18:12:42,18:36:17,23:35,9400,51,120,150,2.99,1.5x1.5,220,1.39E-01,,,129.0124,-449.9876,,,,,,2.793,-89.785,-0.0195,30,-1212070,50.318371010378,,5.90E-04,,460,250,SINE,2.00E+05,20,,,,,,,,,120Hz-Cont,18,"1,597",106,169540,2562,1.51,780,0.46,~15.8 um droplets ~50 mm away from the nozzle,76,76,18,1597,169540,1,1,2562,50,10000,1.51,1,780,500,40,0.46,DONE
77,,,,,H2O,~15.8 um droplets ~50 mm away from the nozzle,CXI Feb2011-1,1/19/2013,18:36:21,18:41:44,5:23,9400,51,120,150,2.99,1.5x1.5,220,1.39E-01,,,129.0124,-449.9876,,,,,,2.793,-89.785,-0.0195,30,-1212070,50.318371010378,,5.90E-04,,460,250,SINE,2.00E+05,20,,,,,,,,,120Hz-Cont,6,366,106,38724,610,1.58,0,0.00,~15.8 um droplets ~50 mm away from the nozzle,77,77,6,366,38724,1,1,610,50,10000,1.58,0,0,500,40,0,DONE
78,,,,,H2O,~15.8 um droplets ~50 mm away from the nozzle; lots of damaged events,CXI Feb2011-1,1/19/2013,18:41:56,18:44:32,2:36,9400,51,120,150,2.99,1.5x1.5,220,1.39E-01,,,129.0124,-449.9876,,,,,,2.7783,-89.785,-0.0195,30,-1212070,50.3182567266102,,5.90E-04,,460,250,SINE,2.00E+05,20,,,,,,,,,120Hz-Cont,6,182,98,17864,295,1.65,0,0.00,~15.8 um droplets ~50 mm away from the nozzle; lots of damaged events,78,78,6,182,17864,1,1,295,50,10000,1.65,0,0,500,40,0,DONE
79,,,,,H2O,~15.8 um droplets ~50 mm away from the nozzle,CXI Feb2011-1,1/19/2013,18:44:41,18:59:56,15:15,9400,50.3,120,150,2.99,1.5x1.5,220,1.39E-01,,,129.0124,-449.9876,,,,,,2.7783,-89.785,-0.0195,30,-1212070,50.3182567266102,,5.90E-04,,460,250,SINE,2.00E+05,20,,,,,,,,,120Hz-Cont,12,"1,033",106,109427,1560,1.43,2,0.00,~15.8 um droplets ~50 mm away from the nozzle,79,79,12,1033,109427,1,1,1560,100,10000,1.43,1,2,2000,40,0,DONE
80,,,,,H2O,~15.8 um droplets ~55 mm away from the nozzle,CXI Feb2011-1,1/19/2013,19:21:33,19:30:11,8:38,9400,49.6,120,150,3.08,1.5x1.5,300,6.75E-02,,,129.0124,-449.9876,,,,,,3.4023,-84.785,-0.0195,34,-1359950,55.3467646101672,,5.90E-04,,460,250,SINE,2.00E+05,20,,,,,,,,,120Hz-Cont,12,586,106,61950,404,0.65,0,0.00,~15.8 um droplets ~55 mm away from the nozzle,80,80,12,586,61950,1,1,404,50,10000,0.65,0,0,500,40,0,DONE
81,,,,,H2O,~15.8 um droplets ~55 mm away from the nozzle,CXI Feb2011-1,1/19/2013,19:30:21,19:56:41,26:20,9400,49.6,120,150,3.08,1.5x1.5,220,1.39E-01,,,129.0124,-449.9876,,,,,,3.3828,-84.785,-0.0195,34,-1359950,55.3464129490634,,5.90E-04,,460,250,SINE,2.00E+05,20,,,,,,,,,120Hz-Cont,24,"1,788",106,189343,2452,1.30,0,0.00,~15.8 um droplets ~55 mm away from the nozzle,81,81,24,1788,189343,1,1,2452,50,10000,1.3,0,0,500,40,0,DONE
82,,,,,H2O,~15.8 um droplets ~55 mm away from the nozzle,CXI Feb2011-1,1/19/2013,19:56:50,20:16:23,19:33,9400,49.6,120,150,3.08,1.5x1.5,220,1.39E-01,,,129.0126,-449.9874,,,,,,3.3926,-84.785,0.0791,35,-1379947,55.346639960873,,5.80E-04,,460,250,SINE,2.00E+05,20,,,,,,,,,120Hz-Cont,18,"1,327",106,140238,1979,1.41,562,0.40,~15.8 um droplets ~55 mm away from the nozzle,82,82,18,1327,140238,1,1,1979,50,10000,1.41,1,562,500,40,0.4,DONE
83,,,,,H2O,~15.8 um droplets ~55 mm away from the nozzle,CXI Feb2011-1,1/19/2013,20:16:31,20:36:08,19:37,9400,49.6,120,150,3.08,1.5x1.5,220,1.39E-01,,,129.0124,-449.9876,,,,,,3.3984,-84.785,0.0791,35,-1379947,55.3467448669793,,5.80E-04,,460,250,SINE,2.00E+05,20,,,,,,,,,120Hz-Cont,18,"1,330",106,140911,1667,1.18,480,0.34,~15.8 um droplets ~55 mm away from the nozzle,83,83,18,1330,140911,1,1,1667,50,10000,1.18,1,480,500,40,0.34,DONE
84,,,,,H2O,~15.8 um droplets ~55 mm away from the nozzle,CXI Feb2011-1,1/19/2013,20:36:18,20:46:20,10:02,9400,49.6,120,150,3.08,1.5x1.5,220,1.39E-01,,,129.0126,-449.9874,,,,,,3.3984,-84.785,0.0791,35,-1379947,55.3467448669793,,5.80E-04,,460,250,SINE,2.00E+05,20,,,,,,,,,120Hz-Cont,12,684,105,72083,835,1.16,0,0.00,~15.8 um droplets ~55 mm away from the nozzle,84,84,12,684,72083,1,1,835,50,10000,1.16,0,0,500,40,0,DONE
85,,,,,H2O,~15.8 um droplets ~55 mm away from the nozzle,CXI Feb2011-1,1/19/2013,20:46:26,21:01:53,15:07,9400,49.6,120,150,3.08,1.5x1.5,220,1.39E-01,,,129.0126,-449.9874,,,,,,3.3721,-84.785,0.1289,35,-1379947,55.3444602696106,,5.80E-04,,460,250,SINE,2.00E+05,20,,,,,,,,,120Hz-Cont,12,"1,023",106,108430,1618,1.49,488,0.45,~15.8 um droplets ~55 mm away from the nozzle,85,85,12,1023,108430,1,1,1618,50,10000,1.49,1,488,500,40,0.45,DONE
86,,,,,dark calibration,lots of damaged events,,1/19/2013,21:05:15,,,,,,,,,,,,,579,,,,,,,,,,,,,,,,,,,,,,,,,,,,,120Hz-Cont,6,72,104,7501,0,0.00,0,0.00,lots of damaged events,86,86,6,72,7501,1,1,0,50,10000,0,1,0,500,40,0,DONE
87,,,,,dark calibration,bad run,,1/19/2013,,,,,,,,,,,,,,579,,,,,,,,,,,,,,,,,,,,,,,,,,,,,120Hz-Cont,6,42,84,3531,0,0.00,0,0.00,bad run,87,87,6,42,3531,1,1,0,50,10000,0,1,0,500,40,0,DONE
88,,,,,dark calibration,,,1/20/2013,07:02:12,07:05:51,2:49,,,,,,,,,,,579,,,,,,,,,,,,,,,,,,,,,,,,,,,,,120Hz-Cont,6,225,90,20156,0,0.00,0,0.00,,88,88,6,225,20156,1,1,0,50,10000,0,1,0,500,40,0,DONE
89,,,,,H2O,~12.7 um droplets ~300 um away from the nozzle,CXI Feb2011-1,1/20/2013,09:48:04,09:54:22,6:18,9400,50,120,150,3.17,1.5x1.5,0,1.00E+00,,220,129.014,-449.986,,,,,,2.3877,-139.7,2.5303,15,-1399969,0.300000000000011,,4.60E-04,,300,175,SINE,2.00E+05,20,,,,,,,,,120Hz-Cont,10,438,83,36500,2566,7.03,6,0.02,~12.7 um droplets ~300 um away from the nozzle,89,89,10,438,36500,1,1,2566,100,100000,7.03,1,6,1000,40,0.02,JOB NOT FINISHED
90,,,,,H2O,~12.7 um droplets ~30 mm away from the nozzle; lots of damaged events,CXI Feb2011-1,1/20/2013,09:58:56,10:01:51,2:55,9400,50,120,150,3.17,1.5x1.5,160,2.38E-01,,,129.0136,-449.9864,,,,,,4.291,-109.6999,2.6289,15,-1399969,30.3599791314158,,4.60E-04,,300,175,SINE,2.00E+05,20,,,,,,,,,120Hz-Cont,6,202,100,20111,141,0.70,70,0.35,~12.7 um droplets ~30 mm away from the nozzle; lots of damaged events,90,90,6,202,20111,1,1,141,100,100000,0.7,1,70,1000,40,0.35,DONE
91,,,,,H2O,~12.7 um droplets ~30 mm away from the nozzle,CXI Feb2011-1,1/20/2013,10:01:54,10:06:10,4:16,9400,50,120,150,3.17,1.5x1.5,160,2.38E-01,,,129.0134,-449.9866,,,,,,4.291,-109.6999,2.6289,15,-1399969,30.3599791314158,,4.60E-04,,300,175,SINE,2.00E+05,20,,,,,,,,,120Hz-Cont,6,288,106,30633,281,0.92,36,0.12,~12.7 um droplets ~30 mm away from the nozzle,91,91,6,288,30633,1,1,281,50,10000,0.92,1,36,500,40,0.12,DONE
92,,,,,H2O,~12.7 um droplets ~30 mm away from the nozzle,CXI Feb2011-1,1/20/2013,10:06:18,10:10:08,3:50,9400,50,120,150,3.17,1.5x1.5,160,2.38E-01,,,129.0132,-449.9868,,,,,,4.291,-109.6999,2.6289,15,-1399969,30.3599791314158,,4.60E-04,,300,175,SINE,2.00E+05,20,,,,,,,,,120Hz-Cont,5,260,104,26921,178,0.66,29,0.11,~12.7 um droplets ~30 mm away from the nozzle,92,92,5,260,26921,1,1,178,50,10000,0.66,1,29,500,40,0.11,DONE
93,,,,,H2O,~12.7 um droplets ~30 mm away from the nozzle,CXI Feb2011-1,1/20/2013,10:10:14,10:37:49,27:35,9400,50,120,150,3.17,1.5x1.5,160,2.38E-01,,,129.0132,-449.9868,,,,,,4.291,-109.6999,2.6289,15,-1399969,30.3599791314158,,4.60E-04,,300,175,SINE,2.00E+05,20,,,,,,,,,120Hz-Cont,24,"1,874",105,197046,1695,0.86,220,0.11,~12.7 um droplets ~30 mm away from the nozzle,93,93,24,1874,197046,1,1,1695,50,10000,0.86,1,220,500,40,0.11,DONE
94,,,,,dark calibration,,,1/20/2013,10:37:53,10:39:03,1:10,,,,,,,,,,,579,,,,,,,,,,,,140.091678203802,,,,,,,,,,,,,,,,,120Hz-Cont,6,81,76,6122,0,0.00,0,0.00,,94,94,6,81,6122,1,1,0,50,10000,0,1,0,500,40,0,XTC inprogress
95,,,,,H2O,~12.7 um droplets ~30 mm away from the nozzle,CXI Feb2011-1,1/20/2013,10:39:07,10:48:11,9:04,9400,50,120,150,3.17,1.5x1.5,160,2.38E-01,,,129.0122,-449.9878,,,,,,4.291,-109.6999,2.6289,21,-1399962,30.3599811258526,,4.60E-04,,300,175,SINE,2.00E+05,20,,,,,,,,,120Hz-Cont,12,624,102,63811,547,0.86,16,0.03,~12.7 um droplets ~30 mm away from the nozzle,95,95,12,624,63811,1,1,547,100,10000,0.86,1,16,2000,40,0.03,DONE
96,,,,,H2O,~12.7 um droplets ~30 mm away from the nozzle,CXI Feb2011-1,1/20/2013,10:48:20,11:13:24,25:04,9400,50,120,150,3.17,1.5x1.5,160,2.38E-01,,,129.0122,-449.9878,,,,,,4.2852,-109.6999,2.6289,23,-1399958,30.3596187537101,,4.60E-04,,300,175,SINE,2.00E+05,20,,,,,,,,,120Hz-Cont,24,"1,716",104,179230,1331,0.74,40,0.02,~12.7 um droplets ~30 mm away from the nozzle,96,96,24,1716,179230,1,1,1331,100,10000,0.74,1,40,2000,40,0.02,DONE
97,,,,,H2O,~12.7 um droplets ~30 mm away from the nozzle,CXI Feb2011-1,1/20/2013,11:13:27,11:32:30,19:03,9400,50,120,150,3.17,1.5x1.5,160,2.38E-01,,,129.012,-449.988,,,,,,4.2852,-109.6999,2.6289,23,-1399958,30.3596187537101,,4.60E-04,,300,175,SINE,2.00E+05,20,,,,,,,,,120Hz-Cont,18,"1,328",100,133414,1082,0.81,32,0.02,~12.7 um droplets ~30 mm away from the nozzle,97,97,18,1328,133414,1,1,1082,100,10000,0.81,1,32,2000,40,0.02,DONE
98,,,,,H2O,~12.7 um droplets ~30 mm away from the nozzle,CXI Feb2011-1,1/20/2013,11:32:33,11:48:38,16:05,9400,50,120,150,3.17,1.5x1.5,160,2.38E-01,,,129.0118,-449.9882,,,,,,4.2852,-109.6999,2.6289,23,-1399958,30.3596187537101,,4.60E-04,,300,175,SINE,2.00E+05,20,,,,,,,,,120Hz-Cont,18,"1,098",105,115540,1111,0.96,35,0.03,~12.7 um droplets ~30 mm away from the nozzle,98,98,18,1098,115540,1,1,1111,100,10000,0.96,1,35,2000,40,0.03,DONE
99,,,,,dark calibration,,,1/20/2013,11:48:44,11:50:48,2:04,,,,,,,,,,,579,,,,,,,,,,,,140.091678203802,,,,,,,,,,,,,,,,,,6,141,105,14816,0,0.00,0,0.00,,99,99,6,141,14816,1,1,0,50,10000,0,1,0,500,40,0,DONE
100,,,,,H2O,~12.7 um droplets ~35 mm away from the nozzle,CXI Feb2011-1,1/20/2013,11:50:52,12:09:46,18:54,9400,50,120,150,3.17,1.5x1.5,480,1.36E-02,,,129.0116,-449.9884,,,,,,4.6543,-104.6999,2.5791,23,-1399958,35.3728300212271,,4.60E-04,,300,175,SINE,2.00E+05,20,,,,,,,,,,18,"1,291",104,134509,496,0.37,2,0.00,~12.7 um droplets ~35 mm away from the nozzle,100,100,18,1291,134509,1,1,496,50,10000,0.37,1,2,1000,40,0,DONE
101,,,,,H2O,~12.7 um droplets ~35 mm away from the nozzle,CXI Feb2011-1,1/20/2013,12:10:10,12:27:09,16:59,9400,50,120,150,3.17,1.5x1.5,240,1.16E-01,,,129.0116,-449.9884,,,,,,4.5889,-104.6999,2.5791,25,-1399967,35.3687000607684,,4.60E-04,,300,175,SINE,2.00E+05,20,,,,,,,,,,18,"1,157",104,120648,953,0.79,4,0.00,~12.7 um droplets ~35 mm away from the nozzle,101,101,18,1157,120648,1,1,953,100,10000,0.79,1,4,2000,40,0,DONE
102,,,,,H2O,~12.7 um droplets ~35 mm away from the nozzle,CXI Feb2011-1,1/20/2013,12:27:12,12:44:31,17:19,9400,50,120,150,3.17,1.5x1.5,240,1.16E-01,,,129.0116,-449.9884,,,,,,4.5889,-104.6999,2.5791,25,-1399967,35.3687000607684,,4.60E-04,,300,175,SINE,2.00E+05,20,,,,,,,,,,18,"1,200",98,117500,0,0.00,0,0.00,~12.7 um droplets ~35 mm away from the nozzle,102,102,18,1200,117500,1,1,0,50,10000,0,1,0,500,40,0,JOB NOT FINISHED
103,,,,,H2O,~12.7 um droplets ~35 mm away from the nozzle,CXI Feb2011-1,1/20/2013,12:44:32,13:09:30,24:58,9400,50,120,150,3.17,1.5x1.5,240,1.16E-01,,,129.0114,-449.9886,,,,,,4.5889,-104.6999,2.5791,25,-1399967,35.3687000607684,,4.60E-04,,300,175,SINE,2.00E+05,20,,,,,,,,,,25,"1,753",58,102000,0,0.00,0,0.00,~12.7 um droplets ~35 mm away from the nozzle,103,103,25,1753,102000,1,1,0,50,10000,0,1,0,500,40,0,JOB NOT FINISHED
104,,,,,H2O,~12.7 um droplets ~35 mm away from the nozzle,CXI Feb2011-1,1/20/2013,13:09:32,13:53:12,43:40,9400,50,120,150,3.17,1.5x1.5,240,1.16E-01,,,129.0114,-449.9886,,,,,,4.5889,-104.6999,2.5791,25,-1399970,35.3687000400711,,4.60E-04,,300,175,SINE,2.00E+05,20,,,,,,,,,,36,"2,983",56,168500,0,0.00,0,0.00,~12.7 um droplets ~35 mm away from the nozzle,104,104,36,2983,168500,1,1,0,50,10000,0,1,0,500,40,0,JOB NOT FINISHED
105,,,,,H2O,~12.7 um droplets ~40 mm away from the nozzle,CXI Feb2011-1,1/20/2013,13:55:07,14:05:35,10:28,9400,50,120,150,3.17,1.5x1.5,400,2.78E-02,,,129.0114,-449.9886,,,,,,4.8887,-99.6999,2.7295,24,-1399967,40.3781249035431,,4.60E-04,,300,175,SINE,2.00E+05,20,,,,,,,,,,12,716,103,73828,426,0.58,2,0.00,~12.7 um droplets ~40 mm away from the nozzle,105,105,12,716,73828,1,1,426,50,10000,0.58,1,2,1000,40,0,DONE
106,,,,,H2O,~12.7 um droplets ~40 mm away from the nozzle,CXI Feb2011-1,1/20/2013,14:05:47,14:15:16,9:29,9400,50,120,150,3.17,1.5x1.5,320,5.69E-02,,,129.0114,-449.9886,,,,,,4.8887,-99.6999,2.7295,24,-1399967,40.3781249035431,,4.60E-04,,300,175,SINE,2.00E+05,20,,,,,,,,,,12,642,105,67206,443,0.66,0,0.00,~12.7 um droplets ~40 mm away from the nozzle,106,106,12,642,67206,1,1,443,50,10000,0.66,1,0,1000,40,0,DONE
107,,,,,H2O,~12.7 um droplets ~40 mm away from the nozzle,CXI Feb2011-1,1/20/2013,14:15:19,14:28:26,13:07,9400,50,120,150,3.17,1.5x1.5,320,5.69E-02,,,129.0114,-449.9886,,,,,,4.9141,-99.6999,2.7295,24,-1399967,40.3797061526223,,4.60E-04,,300,175,SINE,2.00E+05,20,,,,,,,,,,12,896,103,92611,367,0.40,2,0.00,~12.7 um droplets ~40 mm away from the nozzle,107,107,12,896,92611,1,1,367,50,10000,0.4,1,2,1000,40,0,DONE
108,,,,,H2O,~12.7 um droplets ~40 mm away from the nozzle; lots of damaged events,CXI Feb2011-1,1/20/2013,14:15:19,14:31:18,2:49,9400,50,120,150,3.17,1.5x1.5,320,5.69E-02,,,129.0122,-449.9878,,,,,,4.9141,-99.6999,2.7295,24,-1399967,40.3797061526223,,4.60E-04,,300,175,SINE,2.00E+05,20,,,,,,,,,,6,193,85,16392,79,0.48,0,0.00,~12.7 um droplets ~40 mm away from the nozzle; lots of damaged events,108,108,6,193,16392,1,1,79,50,10000,0.48,1,0,1000,40,0,XTC not all
109,,,,,H2O,~12.7 um droplets ~40 mm away from the nozzle; damaged events,CXI Feb2011-1,1/20/2013,14:31:29,14:36:14,4:45,9400,50,120,150,3.17,1.5x1.5,320,5.69E-02,,,129.0114,-449.9886,,,,,,4.9141,-99.6999,2.7295,24,-1399967,40.3797061526223,,4.60E-04,,300,175,SINE,2.00E+05,20,,,,,,,,,,6,329,82,27029,140,0.52,1,0.00,~12.7 um droplets ~40 mm away from the nozzle; damaged events,109,109,6,329,27029,1,1,140,50,10000,0.52,1,1,1000,40,0,XTC not all
110,,,,,H2O,~12.7 um droplets ~40 mm away from the nozzle; stopped to increase transmission,CXI Feb2011-1,1/20/2013,14:36:17,14:38:51,2:34,9400,50,120,150,3.17,1.5x1.5,320,5.69E-02,,,129.0114,-449.9886,,,,,,4.9141,-99.6999,2.7295,24,-1399967,40.3797061526223,,4.60E-04,,300,175,SINE,2.00E+05,20,,,,,,,,,,6,177,87,15335,79,0.52,0,0.00,~12.7 um droplets ~40 mm away from the nozzle; stopped to increase transmission,110,110,6,177,15335,1,1,79,50,10000,0.52,1,0,1000,40,0,XTC not all
111,,,,,H2O,~12.7 um droplets ~40 mm away from the nozzle,CXI Feb2011-1,1/20/2013,14:39:32,14:45:06,5:34,9400,50,120,150,3.17,1.5x1.5,240,1.16E-01,,,129.0114,-449.9886,,,,,,4.9141,-99.6999,2.7295,24,-1399967,40.3797061526223,,4.60E-04,,300,175,SINE,2.00E+05,20,,,,,,,,,,6,378,88,33295,158,0.47,1,0.00,~12.7 um droplets ~40 mm away from the nozzle,111,111,6,378,33295,1,1,158,100,10000,0.47,1,1,2000,40,0,XTC not all
112,,,,,H2O,~12.7 um droplets ~40 mm away from the nozzle,CXI Feb2011-1,1/20/2013,14:45:08,14:46:47,1:39,9400,50,120,150,3.17,1.5x1.5,240,1.16E-01,,,129.0114,-449.9886,,,,,,4.9141,-99.6999,2.7295,24,-1399967,40.3797061526223,,4.60E-04,,300,175,SINE,2.00E+05,20,,,,,,,,,,6,112,87,9708,56,0.58,0,0.00,~12.7 um droplets ~40 mm away from the nozzle,112,112,6,112,9708,1,1,56,100,10000,0.58,1,0,2000,40,0,XTC not all
113,,,,,H2O,~12.7 um droplets ~40 mm away from the nozzle,CXI Feb2011-1,1/20/2013,14:46:53,14:47:51,0:58,9400,50,120,150,3.17,1.5x1.5,240,1.16E-01,,,129.0114,-449.9886,,,,,,4.9043,-99.6999,2.7295,24,-1399975,40.3790939813528,,4.60E-04,,300,175,SINE,2.00E+05,20,,,,,,,,,,6,66,86,5665,41,0.72,0,0.00,~12.7 um droplets ~40 mm away from the nozzle,113,113,6,66,5665,1,1,41,100,10000,0.72,1,0,2000,40,0,XTC not all
114,,,,,H2O,~12.7 um droplets ~40 mm away from the nozzle; DAQ problems,CXI Feb2011-1,1/20/2013,14:48:02,14:53:36,5:34,9400,50,120,150,3.17,1.5x1.5,240,1.16E-01,,,129.0114,-449.9886,,,,,,4.9043,-99.6999,2.7295,24,-1399975,40.3790939813528,,4.60E-04,,300,175,SINE,2.00E+05,20,,,,,,,,,,6,397,79,31365,188,0.60,0,0.00,~12.7 um droplets ~40 mm away from the nozzle; DAQ problems,114,114,6,397,31365,1,1,188,100,10000,0.6,1,0,2000,40,0,XTC not all
115,,,,,H2O,~12.7 um droplets ~40 mm away from the nozzle,CXI Feb2011-1,1/20/2013,14:53:43,14:57:37,3:54,9400,50,120,150,3.17,1.5x1.5,240,1.16E-01,,,129.0114,-449.9886,,,,,,4.9043,-99.6999,2.7295,24,-1399975,40.3790939813528,,4.60E-04,,300,175,SINE,2.00E+05,20,,,,,,,,,,6,264,106,28012,147,0.52,1,0.00,~12.7 um droplets ~40 mm away from the nozzle,115,115,6,264,28012,1,1,147,100,10000,0.52,1,1,2000,40,0,DONE
116,,,,,H2O,~12.7 um droplets ~40 mm away from the nozzle,CXI Feb2011-1,1/20/2013,14:57:39,15:04:26,6:47,9400,50,120,150,3.17,1.5x1.5,240,1.16E-01,,,129.0114,-449.9886,,,,,,4.9043,-99.6999,2.7295,24,-1399975,40.3790939813528,,4.60E-04,,300,175,SINE,2.00E+05,20,,,,,,,,,,6,464,104,48348,285,0.59,2,0.00,~12.7 um droplets ~40 mm away from the nozzle,116,116,6,464,48348,1,1,285,100,10000,0.59,1,2,2000,40,0,DONE
117,,,,,H2O,~12.7 um droplets ~40 mm away from the nozzle,CXI Feb2011-1,1/20/2013,15:04:29,15:10:59,6:30,9400,50,120,150,3.17,1.5x1.5,240,1.16E-01,,,129.0114,-449.9886,,,,,,4.9043,-99.6999,2.7295,24,-1399975,40.3790939813528,,4.60E-04,,300,175,SINE,2.00E+05,20,,,,,,,,,,6,442,106,46672,268,0.57,0,0.00,~12.7 um droplets ~40 mm away from the nozzle,117,117,6,442,46672,1,1,268,100,10000,0.57,1,0,2000,40,0,DONE
118,,,,,H2O,~14.5 um droplets ~45 mm away from the nozzle,CXI Feb2011-1,1/20/2013,15:38:56,15:48:34,9:38,9400,50,120,150,3.17,1.5x1.5,320,5.69E-02,,,129.0114,-449.9886,,,,,,5.1436,-94.6999,2.9287,26,-1500238,45.3839723431637,,4.60E-04,,300,211,SINE,2.00E+05,20,,,,,,,,226.46,,12,668,103,68654,499,0.73,0,0.00,~14.5 um droplets ~45 mm away from the nozzle,118,118,12,668,68654,1,1,499,100,10000,0.73,1,0,2000,40,0,DONE
119,,,,,H2O,~14.5 um droplets ~45 mm away from the nozzle,CXI Feb2011-1,1/20/2013,15:48:58,15:52:28,3:30,9400,50,120,150,3.17,1.5x1.5,240,1.16E-01,,,129.0114,-449.9886,,,,,,5.1436,-94.6999,2.9287,26,-1500238,45.3839723431637,,4.60E-04,,300,211,SINE,2.00E+05,20,,,,,,,,,,6,237,105,25001,212,0.85,2,0.01,~14.5 um droplets ~45 mm away from the nozzle,119,119,6,237,25001,1,1,212,100,10000,0.85,1,2,2000,40,0.01,DONE
120,,,,,H2O,~14.5 um droplets ~45 mm away from the nozzle,CXI Feb2011-1,1/20/2013,15:52:30,16:02:01,9:31,9400,50,120,150,3.17,1.5x1.5,240,1.16E-01,,,129.0114,-449.9886,,,,,,5.1436,-94.6999,2.9287,26,-1500238,45.3839723431637,,4.60E-04,,300,211,SINE,2.00E+05,20,,,,,,,,,,12,656,102,67024,495,0.74,1,0.00,~14.5 um droplets ~45 mm away from the nozzle,120,120,12,656,67024,1,1,495,100,10000,0.74,1,1,2000,40,0,DONE
121,,,,,H2O,~14.5 um droplets ~45 mm away from the nozzle,CXI Feb2011-1,1/20/2013,16:02:03,16:02:41,0:40,9400,50,120,150,3.17,1.5x1.5,240,1.16E-01,,,129.0114,-449.9886,,,,,,5.1436,-94.6999,2.9287,26,-1500238,45.3839723431637,,4.60E-04,,300,211,SINE,2.00E+05,20,,,,,,,,,,6,49,90,4422,41,0.93,1,0.02,~14.5 um droplets ~45 mm away from the nozzle,121,121,6,49,4422,1,1,41,100,10000,0.93,1,1,2000,40,0.02,DONE
122,,,,,H2O,~14.5 um droplets ~45 mm away from the nozzle,CXI Feb2011-1,1/20/2013,16:02:56,16:11:52,8:56,9400,50,120,150,3.17,1.5x1.5,240,1.16E-01,,,129.0114,-449.9886,,,,,,5.1436,-94.6999,2.9287,26,-1500238,45.3839723431637,,4.60E-04,,300,211,SINE,2.00E+05,20,,,,,,,,,,12,634,99,62987,399,0.63,1,0.00,~14.5 um droplets ~45 mm away from the nozzle,122,122,12,634,62987,1,1,399,100,10000,0.63,1,1,2000,40,0,DONE
123,,,,,dark calibration,,,1/20/2013,16:12:02,16:14:08,2:06,,,,,,,,,,,579,,,,,,,,,,,,,,,,,,,,,,,,,,,,,,6,141,106,14992,0,0.00,0,0.00,,123,123,6,141,14992,1,1,0,50,10000,0,1,0,500,40,0,DONE
124,,,,,H2O,bad run,,1/20/2013,,,,,,,,,,,,,,129.0114,-449.9886,,,,,,,,,,,,,,,,,,,,,,,,,,,,,6,96,104,9964,36,0.36,0,0.00,bad run,124,124,6,96,9964,1,1,36,100,10000,0.36,1,0,2000,40,0,DONE
125,,,,,H2O,~12.8 um droplets ~40 mm away from the nozzle,CXI Feb2011-1,1/20/2013,16:38:40,16:46:15,7:35,9400,50,120,150,3.17,1.5x1.5,320,5.96E-02,,,129.0114,-449.9886,,,,,,4.8936,-99.6999,3.2793,29,-1500450,40.3786918404364,,4.60E-04,,300,176,SINE,2.00E+05,20,,,,,,,,,,6,510,106,54121,185,0.34,2,0.00,~12.8 um droplets ~40 mm away from the nozzle,125,125,6,510,54121,1,1,185,100,10000,0.34,1,2,2000,40,0,DONE
126,,,,,H2O,~12.8 um droplets ~40 mm away from the nozzle,CXI Feb2011-1,1/20/2013,16:46:34,17:02:26,15:52,9400,50,120,150,3.17,1.5x1.5,240,1.16E-01,,,129.0114,-449.9886,,,,,,4.894,-99.6999,3.2793,28,-1500445,40.378716509414,,4.60E-04,,300,176,SINE,2.00E+05,20,,,,,,,,,,18,"1,090",103,111866,340,0.30,1,0.00,~12.8 um droplets ~40 mm away from the nozzle,126,126,18,1090,111866,1,1,340,100,10000,0.3,1,1,2000,40,0,DONE
127,,,,,H2O,~12.8 um droplets ~40 mm away from the nozzle; damaged events,CXI Feb2011-1,1/20/2013,17:02:29,17:05:06,2:37,9400,50,120,150,3.17,1.5x1.5,240,1.16E-01,,,129.0114,-449.9886,,,,,,4.894,-99.6999,3.2793,28,-1500445,40.378716509414,,4.60E-04,,300,176,SINE,2.00E+05,20,,,,,,,,,,6,177,102,17966,59,0.33,0,0.00,~12.8 um droplets ~40 mm away from the nozzle; damaged events,127,127,6,177,17966,1,1,59,100,10000,0.33,1,0,2000,40,0,DONE
128,,,,,H2O,~12.8 um droplets ~40 mm away from the nozzle,CXI Feb2011-1,1/20/2013,17:05:11,17:07:04,1:53,9400,50,120,150,3.17,1.5x1.5,240,1.16E-01,,,129.0114,-449.9886,,,,,,4.894,-99.6999,3.2793,28,-1500445,40.378716509414,,4.60E-04,,300,176,SINE,2.00E+05,20,,,,,,,,,,6,134,97,12967,47,0.36,2,0.02,~12.8 um droplets ~40 mm away from the nozzle,128,128,6,134,12967,1,1,47,100,10000,0.36,1,2,2000,40,0.02,DONE
129,,,,,H2O,~12.8 um droplets ~40 mm away from the nozzle,CXI Feb2011-1,1/20/2013,17:07:10,17:11:19,4:09,9400,50,120,150,3.17,1.5x1.5,240,1.16E-01,,,129.0114,-449.9886,,,,,,4.874,-99.6999,3.2793,28,-1500445,40.3774800148254,,4.60E-04,,300,176,SINE,2.00E+05,20,,,,,,,,,,6,288,102,29348,89,0.30,0,0.00,~12.8 um droplets ~40 mm away from the nozzle,129,129,6,288,29348,1,1,89,100,10000,0.3,1,0,2000,40,0,DONE
130,,,,,H2O,~12.8 um droplets ~40 mm away from the nozzle,CXI Feb2011-1,1/20/2013,17:11:21,17:17:21,6:00,9400,50,120,150,3.17,1.5x1.5,240,1.16E-01,,,129.0114,-449.9886,,,,,,4.874,-99.6999,3.2793,28,-1500445,40.3774800148254,,4.60E-04,,300,176,SINE,2.00E+05,20,,,,,,,,,,6,406,89,35942,118,0.33,2,0.01,~12.8 um droplets ~40 mm away from the nozzle,130,130,6,406,35942,1,1,118,100,10000,0.33,1,2,2000,40,0.01,XTC inprogress
131,,,,,H2O,~12.8 um droplets ~40 mm away from the nozzle,CXI Feb2011-1,1/20/2013,17:17:33,17:22:21,4:48,9400,50,120,150,3.17,1.5x1.5,240,1.16E-01,,,129.0114,-449.9886,,,,,,4.874,-99.6999,3.2793,28,-1500445,40.3774800148254,,4.60E-04,,300,176,SINE,2.00E+05,20,,,,,,,,,,6,328,78,25495,102,0.40,0,0.00,~12.8 um droplets ~40 mm away from the nozzle,131,131,6,328,25495,1,1,102,100,10000,0.4,1,0,2000,40,0,XTC inprogress
132,,,,,H2O,~12.8 um droplets ~40 mm away from the nozzle,CXI Feb2011-1,1/20/2013,17:22:25,17:27:49,5:24,9400,50,120,150,3.17,1.5x1.5,240,1.16E-01,,,129.0114,-449.9886,,,,,,4.874,-99.6999,3.2793,28,-1500445,40.3774800148254,,4.60E-04,,300,176,SINE,2.00E+05,20,,,,,,,,,,6,368,105,38800,152,0.39,0,0.00,~12.8 um droplets ~40 mm away from the nozzle,132,132,6,368,38800,1,1,152,100,10000,0.39,1,0,2000,40,0,DONE
133,,,,,H2O,~12.8 um droplets ~40 mm away from the nozzle,CXI Feb2011-1,1/20/2013,17:27:52,17:28:11,0:19,9400,50,120,150,3.17,1.5x1.5,240,1.16E-01,,,129.0114,-449.9886,,,,,,4.874,-99.6999,3.2793,28,-1500445,40.3774800148254,,4.60E-04,,300,176,SINE,2.00E+05,20,,,,,,,,,,6,24,75,1796,1,0.06,0,0.00,~12.8 um droplets ~40 mm away from the nozzle,133,133,6,24,1796,1,1,1,100,10000,0.06,1,0,2000,40,0,XTC not all
134,,,,,H2O,~12.8 um droplets ~40 mm away from the nozzle,CXI Feb2011-1,1/20/2013,17:28:17,17:42:12,14:55,9400,50,120,150,3.17,1.5x1.5,240,1.16E-01,,,129.0114,-449.9886,,,,,,4.874,-99.6999,3.2793,28,-1500445,40.3774800148254,,4.60E-04,,300,176,SINE,2.00E+05,20,,,,,,,,,,12,"1,011",106,107000,398,0.37,3,0.00,~12.8 um droplets ~40 mm away from the nozzle,134,134,12,1011,107000,1,1,398,100,10000,0.37,1,3,2000,40,0,DONE
135,,,,,H2O,~12.8 um droplets ~40 mm away from the nozzle,CXI Feb2011-1,1/20/2013,17:43:14,17:43:52,0:38,9400,50,120,150,3.17,1.5x1.5,240,1.16E-01,,,129.0114,-449.9886,,,,,,4.8936,-99.6999,3.3789,28,-1500445,40.3794228398528,,4.60E-04,,300,176,SINE,2.00E+05,20,,,,,,,,,,6,45,97,4375,16,0.37,0,0.00,~12.8 um droplets ~40 mm away from the nozzle,135,135,6,45,4375,1,1,16,100,10000,0.37,1,0,2000,40,0,DONE
136,,,,,H2O,~12.8 um droplets ~40 mm away from the nozzle,CXI Feb2011-1,1/20/2013,17:43:56,17:52:05,8:09,9400,50,120,150,3.17,1.5x1.5,240,1.16E-01,,,129.0114,-449.9886,,,,,,4.8936,-99.6999,3.3789,28,-1500445,40.3794228398528,,4.60E-04,,300,176,SINE,2.00E+05,20,,,,,,,,,,12,563,92,51562,302,0.59,1,0.00,~12.8 um droplets ~40 mm away from the nozzle,136,136,12,563,51562,1,1,302,100,10000,0.59,1,1,2000,40,0,XTC inprogress
137,,,,,H2O,~12.8 um droplets ~45 mm away from the nozzle,CXI Feb2011-1,1/20/2013,17:54:51,17:55:17,0:26,9400,50,120,150,3.17,1.5x1.5,320,5.96E-02,,,129.0114,-449.9886,,,,,,5.1943,-94.6999,3.3789,28,-1500445,45.3882836943701,,4.60E-04,,300,176,SINE,2.00E+05,20,,,,,,,,,,6,30,98,2928,2,0.07,0,0.00,~12.8 um droplets ~45 mm away from the nozzle,137,137,6,30,2928,1,1,2,100,10000,0.07,1,0,2000,40,0,DONE
138,,,,,H2O,~12.8 um droplets ~45 mm away from the nozzle,CXI Feb2011-1,1/20/2013,17:55:19,18:03:27,8:08,9400,50,120,150,3.17,1.5x1.5,320,5.96E-02,,,129.0114,-449.9886,,,,,,5.1943,-94.6999,3.3789,28,-1500445,45.3882836943701,,4.70E-04,,300,176,SINE,2.00E+05,20,,,,,,,,,,12,556,105,58383,212,0.36,0,0.00,~12.8 um droplets ~45 mm away from the nozzle,138,138,12,556,58383,1,1,212,100,10000,0.36,1,0,2000,40,0,DONE
139,,,,,H2O,~12.8 um droplets ~45 mm away from the nozzle,CXI Feb2011-1,1/20/2013,18:04:02,18:18:30,14:28,9400,50,120,150,3.17,1.5x1.5,240,1.16E-01,,,129.0114,-449.9886,,,,,,5.1992,-94.6999,3.3789,28,-1500445,45.3885869580407,,4.60E-04,,300,176,SINE,2.00E+05,20,,,,,,,,,,12,981,106,103888,493,0.47,7,0.01,~12.8 um droplets ~45 mm away from the nozzle,139,139,12,981,103888,1,1,493,100,10000,0.47,1,7,2000,40,0.01,DONE
140,,,,,H2O,~12.8 um droplets ~45 mm away from the nozzle,CXI Feb2011-1,1/20/2013,18:18:32,18:29:00,10:28,9400,50,120,150,3.17,1.5x1.5,240,1.16E-01,,,129.0114,-449.9886,,,,,,5.1992,-94.6999,3.3789,28,-1500445,45.3885869580407,,4.60E-04,,300,176,SINE,2.00E+05,20,,,,,,,,,,12,711,94,66779,307,0.46,0,0.00,~12.8 um droplets ~45 mm away from the nozzle,140,140,12,711,66779,1,1,307,100,10000,0.46,1,0,2000,40,0,XTC inprogress
141,,,,,H2O,~12.8 um droplets ~45 mm away from the nozzle,CXI Feb2011-1,1/20/2013,18:29:04,18:42:17,13:13,9400,50,120,150,3.17,1.5x1.5,240,1.16E-01,,,129.0114,-449.9886,,,,,,5.1992,-94.6999,3.3789,28,-1500445,45.3885869580407,,4.60E-04,,300,176,SINE,2.00E+05,20,,,,,,,,,,12,896,106,94569,363,0.38,3,0.00,~12.8 um droplets ~45 mm away from the nozzle,141,141,12,896,94569,1,1,363,100,10000,0.38,1,3,2000,40,0,DONE
142,,,,,H2O,~12.8 um droplets ~45 mm away from the nozzle,CXI Feb2011-1,1/20/2013,18:42:19,18:51:07,8:48,9400,50,120,150,3.17,1.5x1.5,240,1.16E-01,,,129.0114,-449.9886,,,,,,5.1992,-94.6999,3.3789,28,-1500445,45.3885869580407,,4.60E-04,,300,176,SINE,2.00E+05,20,,,,,,,,,,12,601,103,61638,276,0.45,1,0.00,~12.8 um droplets ~45 mm away from the nozzle,142,142,12,601,61638,1,1,276,100,10000,0.45,1,1,2000,40,0,DONE
143,,,,,H2O,~12.8 um droplets ~45 mm away from the nozzle,CXI Feb2011-1,1/20/2013,18:51:10,19:06:57,15:47,9400,50,120,150,3.17,1.5x1.5,240,1.16E-01,,,129.0114,-449.9886,,,,,,5.1992,-94.6999,3.3789,28,-1500445,45.3885869580407,,4.60E-04,,300,176,SINE,2.00E+05,20,,,,,,,,,,12,"1,073",106,113293,483,0.43,2,0.00,~12.8 um droplets ~45 mm away from the nozzle,143,143,12,1073,113293,1,1,483,100,10000,0.43,1,2,2000,40,0,DONE
144,,,,,dark calibration,,,1/20/2013,19:07:03,19:09:07,2:04,,,,,,,,,,,579,,,,,,,,,,,,,,,,,,,,,,,,,,,,,,6,141,105,14742,0,0.00,0,0.00,,144,144,6,141,14742,1,1,0,50,10000,0,1,0,500,40,0,DONE
145,,,,,H2O,~12.8 um droplets ~50 mm away from the nozzle,CXI Feb2011-1,1/20/2013,19:11:48,19:12:45,1:57,9400,50,120,150,3.17,1.5x1.5,320,5.96E-02,,,129.0114,-449.9886,,,,,,5.5088,-89.6999,3.4795,22,-1500467,50.3988203584402,,4.60E-04,,300,176,SINE,2.00E+05,20,,,,,,,,,,6,135,75,10131,25,0.25,0,0.00,~12.8 um droplets ~50 mm away from the nozzle,145,145,6,135,10131,1,1,25,100,10000,0.25,1,0,2000,40,0,XTC inprogress
146,,,,,H2O,~12.8 um droplets ~50 mm away from the nozzle,CXI Feb2011-1,1/20/2013,19:12:48,19:13:25,0:37,9400,50,120,150,3.17,1.5x1.5,320,5.96E-02,,,129.0114,-449.9886,,,,,,5.5088,-89.6999,3.4795,22,-1500467,50.3988203584402,,4.60E-04,,300,176,SINE,2.00E+05,20,,,,,,,,,,6,42,64,2702,4,0.15,0,0.00,~12.8 um droplets ~50 mm away from the nozzle,146,146,6,42,2702,1,1,4,100,10000,0.15,1,0,2000,40,0,DONE
147,,,,,H2O,~12.8 um droplets ~50 mm away from the nozzle,CXI Feb2011-1,1/20/2013,19:13:29,19:32:50,19:21,9400,50,120,150,3.17,1.5x1.5,320,5.96E-02,,,129.0114,-449.9886,,,,,,5.5088,-89.6999,3.4795,22,-1500467,50.3988203584402,,4.60E-04,,300,176,SINE,2.00E+05,20,,,,,,,,,,18,"1,315",106,139053,303,0.22,6,0.00,~12.8 um droplets ~50 mm away from the nozzle,147,147,18,1315,139053,1,1,303,50,10000,0.22,1,6,1000,40,0,DONE
148,,,,,H2O,~12.8 um droplets ~50 mm away from the nozzle,CXI Feb2011-1,1/20/2013,19:33:13,19:47:57,14:44,9400,50,120,150,3.17,1.5x1.5,240,1.16E-01,,,129.0114,-449.9886,,,,,,5.5088,-89.6999,3.4795,22,-1500467,50.3988203584402,,4.60E-04,,300,176,SINE,2.00E+05,20,,,,,,,,,,12,"1,009",96,96977,306,0.32,3,0.00,~12.8 um droplets ~50 mm away from the nozzle,148,148,12,1009,96977,1,1,306,100,10000,0.32,1,3,2000,40,0,XTC inprogress
149,,,,,H2O,~12.8 um droplets ~50 mm away from the nozzle,CXI Feb2011-1,1/20/2013,19:47:58,19:50:40,2:42,9400,50,120,150,3.17,1.5x1.5,240,1.16E-01,,,129.0114,-449.9886,,,,,,5.5088,-89.6999,3.4795,22,-1500467,50.3988203584402,,4.60E-04,,300,176,SINE,2.00E+05,20,,,,,,,,,,6,183,88,16078,67,0.42,0,0.00,~12.8 um droplets ~50 mm away from the nozzle,149,149,6,183,16078,1,1,67,100,10000,0.42,1,0,2000,40,0,XTC not all
150,,,,,H2O,~12.8 um droplets ~50 mm away from the nozzle,CXI Feb2011-1,1/20/2013,19:50:48,19:53:12,2:24,9400,50,120,150,3.17,1.5x1.5,240,1.16E-01,,,129.0114,-449.9886,,,,,,5.5088,-89.6999,3.4795,22,-1500467,50.3988203584402,,4.60E-04,,300,176,SINE,2.00E+05,20,,,,,,,,,,6,165,104,17119,68,0.40,0,0.00,~12.8 um droplets ~50 mm away from the nozzle,150,150,6,165,17119,1,1,68,100,10000,0.4,1,0,2000,40,0,DONE
151,,,,,H2O,~12.8 um droplets ~50 mm away from the nozzle,CXI Feb2011-1,1/20/2013,19:53:46,20:03:06,9:20,9400,50,120,150,3.17,1.5x1.5,240,1.16E-01,,,129.0114,-449.9886,,,,,,5.5088,-89.6999,3.4795,22,-1500467,50.3988203584402,,4.60E-04,,300,176,SINE,2.00E+05,20,,,,,,,,,,12,658,89,58781,282,0.48,2,0.00,~12.8 um droplets ~50 mm away from the nozzle,151,151,12,658,58781,1,1,282,100,10000,0.48,1,2,2000,40,0,XTC inprogress
152,,,,,H2O,~12.8 um droplets ~50 mm away from the nozzle,CXI Feb2011-1,1/20/2013,20:03:07,20:08:11,5:04,9400,50,120,150,3.17,1.5x1.5,240,1.16E-01,,,129.0114,-449.9886,,,,,,5.5088,-89.6999,3.4795,22,-1500467,50.3988203584402,,4.60E-04,,300,176,SINE,2.00E+05,20,,,,,,,,,,6,345,88,30318,118,0.39,0,0.00,~12.8 um droplets ~50 mm away from the nozzle,152,152,6,345,30318,1,1,118,100,10000,0.39,1,0,2000,40,0,XTC not all
153,,,,,H2O,~12.8 um droplets ~30 mm away from the nozzle; SAXS,CXI Feb2011-1,1/20/2013,20:19:49,20:25:36,5:47,9400,50,120,150,3.17,1.5x1.5,0,1.00E+00,,220,129.0114,-449.9886,,,,,,4.2764,-109.6999,3.1797,26,-1500500,30.3592652999879,,4.50E-04,,300,176,SINE,2.00E+05,20,,,,,,,,,,6,393,106,41587,362,0.87,1,0.00,~12.8 um droplets ~30 mm away from the nozzle; SAXS,153,153,6,393,41587,1,1,362,100,10000,0.87,1,1,2000,40,0,DONE
154,,,,,H2O,~12.8 um droplets ~30 mm away from the nozzle; lots of damaged events,CXI Feb2011-1,1/20/2013,20:25:38,20:26:38,1:00,9400,50,120,150,3.17,1.5x1.5,0,1.00E+00,,220,129.0114,-449.9886,,,,,,4.2764,-109.6999,3.1797,26,-1500500,30.3592652999879,,4.50E-04,,300,176,SINE,2.00E+05,20,,,,,,,,,,6,104,54,5621,47,0.84,0,0.00,~12.8 um droplets ~30 mm away from the nozzle; lots of damaged events,154,154,6,104,5621,1,1,47,100,10000,0.84,1,0,2000,40,0,DONE
155,,,,,H2O,~12.8 um droplets ~30 mm away from the nozzle,CXI Feb2011-1,1/20/2013,20:26:40,20:29:28,2:48,9400,50,120,150,3.17,1.5x1.5,0,1.00E+00,,220,129.0114,-449.9886,,,,,,4.2676,-109.6999,3.1797,26,-1500500,30.3587190920014,,4.50E-04,,300,176,SINE,2.00E+05,20,,,,,,,,,,6,192,104,20034,180,0.90,1,0.00,~12.8 um droplets ~30 mm away from the nozzle,155,155,6,192,20034,1,1,180,100,10000,0.9,1,1,2000,40,0,DONE
156,,,,,H2O,~12.8 um droplets ~30 mm away from the nozzle,CXI Feb2011-1,1/20/2013,20:29:33,20:29:42,0:09,9400,50,120,150,3.17,1.5x1.5,0,1.00E+00,,220,129.0116,-449.9884,,,,,,4.2676,-109.6999,3.1797,26,-1500500,30.3587190920014,,4.50E-04,,300,176,SINE,2.00E+05,20,,,,,,,,,,6,12,46,550,5,0.91,0,0.00,~12.8 um droplets ~30 mm away from the nozzle,156,156,6,12,550,1,1,5,100,10000,0.91,1,0,2000,40,0,DONE
157,,,,,H2O,~12.8 um droplets ~30 mm away from the nozzle,CXI Feb2011-1,1/20/2013,20:29:43,20:46:17,16:34,9400,50,120,150,3.17,1.5x1.5,0,1.00E+00,,220,129.0114,-449.9886,,,,,,4.2627,-109.6999,3.2797,26,-1500500,30.3590641219068,,4.50E-04,,300,176,SINE,2.00E+05,20,,,,,,,,,,18,"1,126",106,119085,1108,0.93,5,0.00,~12.8 um droplets ~30 mm away from the nozzle,157,157,18,1126,119085,1,1,1108,100,10000,0.93,1,5,2000,40,0,DONE
158,,,,,H2O,~12.8 um droplets ~30 mm away from the nozzle,CXI Feb2011-1,1/20/2013,20:46:19,20:48:27,2:08,9400,50,120,150,3.17,1.5x1.5,0,1.00E+00,,220,129.0114,-449.9886,,,,,,4.2734,-109.6999,3.3291,26,-1500500,30.360168540228,,4.50E-04,,300,176,SINE,2.00E+05,20,,,,,,,,,,6,155,93,14341,134,0.93,0,0.00,~12.8 um droplets ~30 mm away from the nozzle,158,158,6,155,14341,1,1,134,100,10000,0.93,1,0,2000,40,0,DONE
159,,,,,H2O,~12.8 um droplets ~30 mm away from the nozzle,CXI Feb2011-1,1/20/2013,20:48:28,20:51:26,2:58,9400,50,120,150,3.17,1.5x1.5,0,1.00E+00,,220,129.0114,-449.9886,,,,,,4.2734,-109.6999,3.3291,26,-1500500,30.360168540228,,4.50E-04,,300,176,SINE,2.00E+05,20,,,,,,,,,,6,204,101,20616,201,0.97,0,0.00,~12.8 um droplets ~30 mm away from the nozzle,159,159,6,204,20616,1,1,201,100,10000,0.97,1,0,2000,40,0,DONE
160,,,,,H2O,~12.8 um droplets ~30 mm away from the nozzle,CXI Feb2011-1,1/20/2013,20:51:28,20:53:06,1:38,9400,50,120,150,3.17,1.5x1.5,0,1.00E+00,,220,129.0114,-449.9886,,,,,,4.2734,-109.6999,3.3291,26,-1500500,30.360168540228,,4.50E-04,,300,176,SINE,2.00E+05,20,,,,,,,,,,6,111,105,11699,110,0.94,0,0.00,~12.8 um droplets ~30 mm away from the nozzle,160,160,6,111,11699,1,1,110,100,10000,0.94,1,0,2000,40,0,DONE
161,,,,,H2O,~12.8 um droplets ~30 mm away from the nozzle,CXI Feb2011-1,1/20/2013,20:53:14,20:56:22,3:08,9400,50,120,150,3.17,1.5x1.5,0,1.00E+00,,220,129.0114,-449.9886,,,,,,4.2734,-109.6999,3.3291,26,-1500500,30.360168540228,,4.50E-04,,300,176,SINE,2.00E+05,20,,,,,,,,,,6,214,102,21827,194,0.89,1,0.00,~12.8 um droplets ~30 mm away from the nozzle,161,161,6,214,21827,1,1,194,100,10000,0.89,1,1,2000,40,0,DONE
162,,,,,H2O,~12.8 um droplets ~30 mm away from the nozzle,CXI Feb2011-1,1/20/2013,20:56:23,20:59:14,2:51,9400,50,120,150,3.17,1.5x1.5,0,1.00E+00,,220,129.0114,-449.9886,,,,,,4.2734,-109.6999,3.3291,26,-1500500,30.360168540228,,4.50E-04,,300,176,SINE,2.00E+05,20,,,,,,,,,,6,195,103,20017,191,0.95,1,0.00,~12.8 um droplets ~30 mm away from the nozzle,162,162,6,195,20017,1,1,191,100,10000,0.95,1,1,2000,40,0,DONE
163,,,,,H2O,~12.8 um droplets ~30 mm away from the nozzle,CXI Feb2011-1,1/20/2013,20:59:15,21:00:16,1:01,9400,50,120,150,3.17,1.5x1.5,0,1.00E+00,,220,129.0114,-449.9886,,,,,,4.2734,-109.6999,3.3291,26,-1500500,30.360168540228,,4.50E-04,,300,176,SINE,2.00E+05,20,,,,,,,,,,6,72,99,7124,54,0.76,0,0.00,~12.8 um droplets ~30 mm away from the nozzle,163,163,6,72,7124,1,1,54,100,10000,0.76,1,0,2000,40,0,DONE
164,,,,,dark calibration,,,1/20/2013,21:00:24,,,,,,,,,,,,,579,,,,,,,,,,,,,,,,,,,,,,,,,,,,,,6,147,103,15165,0,0.00,0,0.00,,164,164,6,147,15165,1,1,0,50,10000,0,1,0,500,40,0,DONE
165,,,,,dark calibration,,,1/20/2013,23:22:51,23:23:10,0:19,,,,,,,,,,,579,,,,,,,,,,,,,,,,,,,,,,,,,,,,,,6,27,80,2164,0,0.00,0,0.00,,165,165,6,27,2164,1,1,0,50,10000,0,1,0,500,40,0,DONE
166,,,,,H2O,~15 um droplets ~300 um away from the nozzle,CXI Feb2011-2,1/21/2013,17:49:44,18:01:26,11:42,9400,50,120,150,3,1.5x1.5,0,1.00E+00,,220,129.0146,-449.9854,,,,,,8.125,-143.1,3.6504,-62,-1500473,0.313184788024589,,3.80E-04,,600,800,SINE,1.00E+05,30,,,,,,,,,,10,787,103,81382,4286,5.27,3,0.00,~15 um droplets ~300 um away from the nozzle,166,166,10,787,81382,1,1,4286,100,100000,5.27,1,3,2000,40,0,DONE
167,,,,,H2O,~15 um droplets ~300 um away from the nozzle,CXI Feb2011-2,1/21/2013,18:01:33,18:10:04,8:31,9400,50,120,150,3,1.5x1.5,0,1.00E+00,,220,129.0144,-449.9856,,,,,,8.125,-143.1,3.6504,-62,-1500473,0.313184788024589,,3.80E-04,,600,800,SINE,1.00E+05,30,,,,,,,,,,12,573,106,60937,3267,5.36,0,0.00,~15 um droplets ~300 um away from the nozzle,167,167,12,573,60937,1,1,3267,100,100000,5.36,1,0,2000,40,0,DONE
168,,,,,dark calibration,,,1/21/2013,18:10:41,18:12:30,1:49,,,,,,,,,,,579,,,,,,,,,,,,,,,,,,,,,,,,,,,,,,6,123,107,13115,0,0.00,0,0.00,,168,168,6,123,13115,1,1,0,50,10000,0,1,0,500,40,0,DONE
169,,,,,H2O,~15 um droplets ~10 mm away from the nozzle,CXI Feb2011-2,1/21/2013,18:13:00,18:29:30,16:30,9400,50,120,150,3,1.5x1.5,160,2.38E-01,,220,129.0142,-449.9858,,,,,,5.4828,-133,4.7998,-41,-1500499,10.8141434362794,,3.80E-04,,600,800,SINE,1.00E+05,30,,,,,,,,,,15,"1,158",97,112362,450,0.40,2,0.00,~15 um droplets ~10 mm away from the nozzle,169,169,15,1158,112362,1,1,450,50,10000,0.4,1,2,500,40,0,DONE
170,,,,,H2O,~15 um droplets ~10 mm away from the nozzle; problem loading dark to DAQ,CXI Feb2011-2,1/21/2013,18:29:41,18:30:41,1:00,9400,50,120,150,3,1.5x1.5,0,1.00E+00,,220,129.0136,-449.9864,,,,,,5.4828,-133,4.7998,-41,-1500499,10.8141434362794,,3.80E-04,,600,800,SINE,1.00E+05,30,,,,,,,,,,5,70,101,7069,19,0.27,0,0.00,~15 um droplets ~10 mm away from the nozzle; problem loading dark to DAQ,170,170,5,70,7069,1,1,19,100,100000,0.27,1,0,2000,40,0,DONE
171,,,,,H2O,~15 um droplets ~10 mm away from the nozzle,CXI Feb2011-2,1/21/2013,18:39:14,18:49:06,9:52,9400,50,120,150,3,1.5x1.5,0,1.00E+00,,220,129.0134,-449.9866,,,,,,5.4828,-133,4.7998,-41,-1500499,10.8141434362794,,3.80E-04,,600,800,SINE,1.00E+05,30,,,,,,,,,,10,674,101,68239,754,1.10,3,0.00,~15 um droplets ~10 mm away from the nozzle,171,171,10,674,68239,1,1,754,100,100000,1.1,1,3,2000,40,0,DONE
172,,,,,H2O,~15 um droplets ~10 mm away from the nozzle,CXI Feb2011-2,1/21/2013,18:49:07,18:57:03,7:56,9400,50,120,150,3,1.5x1.5,0,1.00E+00,,220,129.0132,-449.9868,,,,,,5.4828,-133,4.7998,-41,-1500499,10.8141434362794,,3.80E-04,,600,800,SINE,1.00E+05,30,,,,,,,,,,10,539,105,56730,608,1.07,3,0.01,~15 um droplets ~10 mm away from the nozzle,172,172,10,539,56730,1,1,608,100,100000,1.07,1,3,2000,40,0.01,DONE
173,,,,,H2O,~15 um droplets ~10 mm away from the nozzle,CXI Feb2011-2,1/21/2013,18:57:08,19:33:57,36:49,9400,50,120,150,3,1.5x1.5,0,1.00E+00,,220,129.013,-449.987,,,,,,5.4828,-133,4.7998,-41,-1500499,10.8141434362794,,3.80E-04,,600,800,SINE,1.00E+05,30,,,,,,,,,,30,"2,495",105,263197,674,0.26,14,0.01,~15 um droplets ~10 mm away from the nozzle,173,173,30,2495,263197,1,1,674,100,100000,0.26,1,14,2000,40,0.01,DONE
174,,,,,H2O,~15 um droplets ~24 mm away from the nozzle,CXI Feb2011-2,1/21/2013,19:37:34,19:50:07,12:33,9400,50,120,150,3,1.5x1.5,160,2.38E-01,,220,129.0126,-449.9874,,,,,,2.6846,-123,7.2598,-54,-1500473,21.4422975813752,,3.60E-04,,600,800,SINE,1.00E+05,30,,,,,,,,,,10,848,105,89259,407,0.46,2,0.00,~15 um droplets ~24 mm away from the nozzle,174,174,10,848,89259,1,1,407,50,10000,0.46,1,2,1000,40,0,DONE
175,,,,,dark calibration,,,1/21/2013,19:50:14,19:55:42,5:28,,,,,,,,,,,579,,,,,,,,,,,,,,,,,,,,,,,,,,,,,,5,370,105,38917,0,0.00,0,0.00,,175,175,5,370,38917,1,1,0,50,10000,0,1,0,500,40,0,DONE
176,,,,,H2O,~15 um droplets ~24 mm away from the nozzle; lots of damaged events,CXI Feb2011-2,1/21/2013,19:55:45,19:56:27,0:42,9400,50,120,150,3,1.5x1.5,0,1.00E+00,,220,129.0126,-449.9874,,,,,,2.6846,-123,7.2598,-54,-1500473,21.4422975813752,,3.60E-04,,600,800,SINE,1.00E+05,30,,,,,,,,,,5,50,98,4887,39,0.80,4,0.08,~15 um droplets ~24 mm away from the nozzle; lots of damaged events,176,176,5,50,4887,1,1,39,50,10000,0.8,1,4,1000,40,0.08,DONE
177,,,,,H2O,~15 um droplets ~24 mm away from the nozzle,CXI Feb2011-2,1/21/2013,19:56:29,20:08:46,12:17,9400,50,120,150,3,1.5x1.5,0,1.00E+00,,220,129.0126,-449.9874,,,,,,2.6846,-123,7.2598,-54,-1500473,21.4422975813752,,3.60E-04,,600,800,SINE,1.00E+05,30,,,,,,,,,,10,829,106,88265,446,0.51,28,0.03,~15 um droplets ~24 mm away from the nozzle,177,177,10,829,88265,1,1,446,50,10000,0.51,1,28,1000,40,0.03,DONE
178,,,,,H2O,~15 um droplets ~24 mm away from the nozzle,CXI Feb2011-2,1/21/2013,20:08:49,20:14:24,5:35,9400,50,120,150,3,1.5x1.5,0,1.00E+00,,220,129.0124,-449.9876,,,,,,2.6846,-123,7.2598,-54,-1500473,21.4422975813752,,3.60E-04,,600,800,SINE,1.00E+05,30,,,,,,,,,,5,375,107,40105,34,0.08,3,0.01,~15 um droplets ~24 mm away from the nozzle,178,178,5,375,40105,1,1,34,50,10000,0.08,1,3,1000,40,0.01,DONE
179,,,,,H2O,~15 um droplets ~24 mm away from the nozzle,CXI Feb2011-2,1/21/2013,20:21:28,20:32:48,11:20,9400,50,120,150,3,1.5x1.5,0,1.00E+00,,220,129.0124,-449.9876,,,,,,2.5254,-123,6.2598,-35,-1500468,21.3387177855676,,3.60E-04,,600,800,SINE,1.00E+05,30,,,,,,,,,,10,767,106,80974,71,0.09,20,0.02,~15 um droplets ~24 mm away from the nozzle,179,179,10,767,80974,1,1,71,50,10000,0.09,1,20,1000,40,0.02,DONE
180,,,,,D2O,~15 um droplets ~400 um away from the nozzle,CXI Feb2011-2,1/21/2013,22:11:44,22:18:54,7:10,9400,50,120,150,3,1.5x1.5,320,5.68E-02,,,129.0122,-449.9878,,,,,,8.1055,-143,3.6006,-50,-1500486,0.417705375264677,,3.40E-04,,600,320,SINE,1.00E+05,30,,,,,,,,,,10,490,105,51457,431,0.84,0,0.00,~15 um droplets ~400 um away from the nozzle,180,180,10,490,51457,1,1,431,100,100000,0.84,1,0,2000,40,0,DONE
181,,,,,dark calibration,,,1/21/2013,22:20:20,22:21:00,0:40,,,,,,,,,,,579,,,,,,,,,,,,,,,,,,,,,,,,,,,,,,5,45,105,4720,0,0.00,0,0.00,,181,181,5,45,4720,1,1,0,50,10000,0,1,0,500,40,0,DONE
182,,,,,D2O,~15 um droplets ~300 um away from the nozzle,CXI Feb2011-2,1/21/2013,22:21:04,22:35:49,14:45,9400,50,120,150,3,1.5x1.5,240,1.16E-01,,,129.0122,-449.9878,,,,,,8.1182,-143.1,3.6504,-50,-1500491,0.315222817464102,,3.40E-04,,600,320,SINE,1.00E+05,30,,,,,,,,,,15,"1,000",106,105675,1057,1.00,0,0.00,~15 um droplets ~300 um away from the nozzle,182,182,15,1000,105675,1,1,1057,100,100000,1,1,0,2000,40,0,DONE
183,,,,,D2O,~15 um droplets ~300 um away from the nozzle,CXI Feb2011-2,1/21/2013,22:35:52,22:42:26,6:34,9400,50,120,150,3,1.5x1.5,240,1.16E-01,,,129.0122,-449.9878,,,,,,8.1182,-143.1,3.6504,-50,-1500491,0.315222817464102,,3.40E-04,,600,320,SINE,1.00E+05,30,,,,,,,,,,5,445,105,46605,505,1.08,0,0.00,~15 um droplets ~300 um away from the nozzle,183,183,5,445,46605,1,1,505,100,100000,1.08,1,0,2000,40,0,DONE
184,,,,,D2O,~15 um droplets ~300 um away from the nozzle; lots of damaged events,CXI Feb2011-2,1/21/2013,22:44:21,22:53:20,8:59,9400,50,120,150,3,1.5x1.5,0,1.00E+00,,220,129.0122,-449.9878,,,,,,8.1221,-143.1,3.6504,-50,-1500491,0.314047432165918,,3.40E-04,,600,320,SINE,1.00E+05,30,,,,,,,,,,10,627,98,61475,707,1.15,0,0.00,~15 um droplets ~300 um away from the nozzle; lots of damaged events,184,184,10,627,61475,1,1,707,100,100000,1.15,1,0,2000,40,0,DONE
185,,,,,D2O,~15 um droplets ~300 um away from the nozzle,CXI Feb2011-2,1/21/2013,22:53:23,22:56:42,3:19,9400,50,120,150,3,1.5x1.5,0,1.00E+00,,220,129.0122,-449.9878,,,,,,8.1221,-143.1,3.6504,-50,-1500491,0.314047432165918,,3.40E-04,,600,320,SINE,1.00E+05,30,,,,,,,,,,5,225,105,23618,220,0.93,0,0.00,~15 um droplets ~300 um away from the nozzle,185,185,5,225,23618,1,1,220,100,100000,0.93,1,0,2000,40,0,DONE
186,,,,,D2O,~15 um droplets ~300 um away from the nozzle,CXI Feb2011-2,1/21/2013,22:56:45,23:00:52,4:07,9400,50,120,150,3,1.5x1.5,0,1.00E+00,,220,129.0122,-449.9878,,,,,,8.1221,-143.1,3.6504,-50,-1500491,0.314047432165918,,3.40E-04,,600,320,SINE,1.00E+05,30,,,,,,,,,,4,224,131,29383,329,1.12,0,0.00,~15 um droplets ~300 um away from the nozzle,186,186,4,224,29383,1,1,329,100,100000,1.12,1,0,2000,40,0,XTC inprogress
187,,,,,dark calibration,,,1/21/2013,23:04:23,23:08:00,3:37,,,,,,,,,,,579,,,,,,,,,,,,,,,,,,,,,,,,,,,,,,5,245,69,17000,0,0.00,0,0.00,,187,187,5,245,17000,1,1,0,100,100000,0,1,0,2000,40,0,JOB NOT FINISHED
188,,,,,D2O,~15 um droplets ~10 mm away from the nozzle,CXI Feb2011-2,1/21/2013,23:08:21,23:09:05,0:44,9400,50,120,150,3,1.5x1.5,320,5.68E-02,,220,129.0124,-449.9876,,,,,,5.6621,-133.4999,4.3496,-43,-1500486,10.2478304212648,,3.40E-04,,600,320,SINE,1.00E+05,30,,,,,,,,,,5,50,103,5147,0,0.00,0,0.00,~15 um droplets ~10 mm away from the nozzle,188,188,5,50,5147,1,1,0,50,10000,0,1,0,1000,40,0,DONE
189,,,,,D2O,~15 um droplets ~10 mm away from the nozzle,CXI Feb2011-2,1/21/2013,23:09:14,23:25:06,15:52,9400,50,120,150,3,1.5x1.5,0,1.00E+00,,220,129.0124,-449.9876,,,,,,5.6719,-133.4999,4.4004,-43,-1500486,10.2489849984767,,3.40E-04,,600,320,SINE,1.00E+05,30,,,,,,,,,,15,"1,074",106,113351,729,0.64,1,0.00,~15 um droplets ~10 mm away from the nozzle,189,189,15,1074,113351,1,1,729,100,100000,0.64,1,1,2000,40,0,DONE
190,,,,,D2O,~15 um droplets ~10 mm away from the nozzle,CXI Feb2011-2,1/21/2013,23:25:08,23:27:28,2:20,9400,50,120,150,3,1.5x1.5,0,1.00E+00,,220,129.0122,-449.9878,,,,,,5.6719,-133.4999,4.4004,-43,-1500486,10.2489849984767,,3.40E-04,,600,320,SINE,1.00E+05,30,,,,,,,,,,5,160,104,16655,83,0.50,0,0.00,~15 um droplets ~10 mm away from the nozzle,190,190,5,160,16655,1,1,83,100,100000,0.5,1,0,2000,40,0,DONE
191,,,,,D2O,~15 um droplets ~10 mm away from the nozzle,CXI Feb2011-2,1/21/2013,23:27:30,23:32:43,5:13,9400,50,120,150,3,1.5x1.5,0,1.00E+00,,220,129.012,-449.988,,,,,,5.6719,-133.4999,4.4004,-43,-1500486,10.2489849984767,,3.40E-04,,600,320,SINE,1.00E+05,30,,,,,,,,,,5,353,105,37051,284,0.77,0,0.00,~15 um droplets ~10 mm away from the nozzle,191,191,5,353,37051,1,1,284,100,100000,0.77,1,0,2000,40,0,DONE
192,,,,,D2O,~15 um droplets ~10 mm away from the nozzle,CXI Feb2011-2,1/21/2013,23:32:45,23:33:45,1:00,9400,50,120,150,3,1.5x1.5,0,1.00E+00,,220,129.0122,-449.9878,,,,,,5.6719,-133.4999,4.4004,-43,-1500486,10.2489849984767,,3.40E-04,,600,320,SINE,1.00E+05,30,,,,,,,,,,5,70,102,7154,56,0.78,0,0.00,~15 um droplets ~10 mm away from the nozzle,192,192,5,70,7154,1,1,56,100,100000,0.78,1,0,2000,40,0,DONE
193,,,,,D2O,~15 um droplets ~10 mm away from the nozzle,CXI Feb2011-2,1/21/2013,23:34:53,23:39:26,4:33,9400,50,120,150,3,1.5x1.5,240,1.16E-01,,,129.0122,-449.9878,,,,,,5.6738,-133.4999,4.4004,-43,-1500486,10.2485137113144,,3.40E-04,,600,320,SINE,1.00E+05,30,,,,,,,,,,5,310,106,32715,266,0.81,0,0.00,~15 um droplets ~10 mm away from the nozzle,193,193,5,310,32715,1,1,266,100,100000,0.81,1,0,2000,40,0,DONE
194,,,,,D2O,~15 um droplets ~10 mm away from the nozzle,CXI Feb2011-2,1/21/2013,23:39:28,23:39:48,0:20,9400,50,120,150,3,1.5x1.5,240,1.16E-01,,,129.0122,-449.9878,,,,,,5.6738,-133.4999,4.4004,-43,-1500486,10.2485137113144,,3.40E-04,,600,320,SINE,1.00E+05,30,,,,,,,,,,5,25,93,2329,14,0.60,0,0.00,~15 um droplets ~10 mm away from the nozzle,194,194,5,25,2329,1,1,14,100,100000,0.6,1,0,2000,40,0,DONE
195,,,,,D2O,~15 um droplets ~10 mm away from the nozzle,CXI Feb2011-2,1/21/2013,23:39:50,23:40:11,0:21,9400,50,120,150,3,1.5x1.5,240,1.16E-01,,,129.0122,-449.9878,,,,,,5.6738,-133.4999,4.4004,-43,-1500486,10.2485137113144,,3.40E-04,,600,320,SINE,1.00E+05,30,,,,,,,,,,5,25,95,2371,20,0.84,0,0.00,~15 um droplets ~10 mm away from the nozzle,195,195,5,25,2371,1,1,20,100,100000,0.84,1,0,2000,40,0,DONE
196,,,,,D2O,~15 um droplets ~10 mm away from the nozzle,CXI Feb2011-2,1/21/2013,23:40:13,23:40:51,0:38,9400,50,120,150,3,1.5x1.5,240,1.16E-01,,,129.0122,-449.9878,,,,,,5.6738,-133.4999,4.4004,-43,-1500486,10.2485137113144,,3.40E-04,,600,320,SINE,1.00E+05,30,,,,,,,,,,5,45,99,4458,27,0.61,0,0.00,~15 um droplets ~10 mm away from the nozzle,196,196,5,45,4458,1,1,27,100,100000,0.61,1,0,2000,40,0,DONE
197,,,,,D2O,~15 um droplets ~10 mm away from the nozzle,CXI Feb2011-2,1/21/2013,23:40:53,23:57:47,16:54,9400,50,120,150,3,1.5x1.5,240,1.16E-01,,,129.0122,-449.9878,,,,,,5.6738,-133.4999,4.4004,-43,-1500486,10.2485137113144,,3.40E-04,,600,320,SINE,1.00E+05,30,,,,,,,,,,15,"1,146",104,119673,927,0.77,0,0.00,~15 um droplets ~10 mm away from the nozzle,197,197,15,1146,119673,1,1,927,100,100000,0.77,1,0,2000,40,0,DONE
198,,,,,D2O,~15 um droplets ~10 mm away from the nozzle,CXI Feb2011-2,1/21/2013,23:57:53,00:02:56,5:03,9400,50,120,150,3,1.5x1.5,240,1.16E-01,,,129.0124,-449.9876,,,,,,5.6738,-133.4999,4.4004,-43,-1500486,10.2485137113144,,3.40E-04,,600,320,SINE,1.00E+05,30,,,,,,,,,,5,340,106,36076,258,0.72,0,0.00,~15 um droplets ~10 mm away from the nozzle,198,198,5,340,36076,1,1,258,100,100000,0.72,1,0,2000,40,0,DONE
199,,,,,D2O,~15 um droplets ~15 mm away from the nozzle,CXI Feb2011-2,1/22/2013,00:08:14,00:09:06,0:52,9400,50,120,150,3,1.5x1.5,240,1.16E-01,,220,129.0122,-449.9878,,,,,,4.3965,-128.4999,4.8496,-40,-1500484,15.428282666325,,3.40E-04,,600,320,SINE,1.00E+05,30,,,,,,,,,,5,60,104,6228,0,0.00,0,0.00,~15 um droplets ~15 mm away from the nozzle,199,199,5,60,6228,1,1,0,100,100000,0,1,0,2000,40,0,DONE
200,,,,,D2O,~15 um droplets ~15 mm away from the nozzle,CXI Feb2011-2,1/22/2013,00:09:08,00:14:56,5:48,9400,50,120,150,3,1.5x1.5,0,1.00E+00,,220,129.0124,-449.9876,,,,,,4.3965,-128.4999,4.8496,-40,-1500484,15.428282666325,,3.40E-04,,600,320,SINE,1.00E+05,30,,,,,,,,,,5,396,98,38667,216,0.56,1,0.00,~15 um droplets ~15 mm away from the nozzle,200,200,5,396,38667,1,1,216,100,100000,0.56,1,1,2000,40,0,DONE
201,,,,,D2O,~15 um droplets ~15 mm away from the nozzle,CXI Feb2011-2,1/22/2013,00:14:57,00:36:06,21:09,9400,50,120,150,3,1.5x1.5,0,1.00E+00,,220,129.0122,-449.9878,,,,,,4.3965,-128.4999,4.8496,-40,-1500484,15.428282666325,,3.40E-04,,600,320,SINE,1.00E+05,30,,,,,,,,,,20,"1,432",106,151763,810,0.53,3,0.00,~15 um droplets ~15 mm away from the nozzle,201,201,20,1432,151763,1,1,810,100,100000,0.53,1,3,2000,40,0,DONE
202,,,,,D2O,~15 um droplets ~15 mm away from the nozzle,CXI Feb2011-2,1/22/2013,00:38:03,1:09:13,0:31:10,9400,50,120,150,3,1.5x1.5,240,1.16E-01,,,129.0122,-449.9878,,,,,,4.4082,-128.4999,4.8496,-40,-1500484,15.4253910626935,,3.40E-04,,600,320,SINE,1.00E+05,30,,,,,,,,,,25,"2,114",106,223999,1460,0.65,0,0.00,~15 um droplets ~15 mm away from the nozzle,202,202,25,2114,223999,1,1,1460,100,100000,0.65,1,0,2000,40,0,DONE
203,,,,,D2O,~15 um droplets ~15 mm away from the nozzle,CXI Feb2011-2,1/22/2013,1:09:14,1:31:33,22:19,9400,50,120,150,3,1.5x1.5,240,1.16E-01,,,129.0122,-449.9878,,,,,,4.4082,-128.4999,4.8496,-40,-1500484,15.4253910626935,,3.40E-04,,600,320,SINE,1.00E+05,30,,,,,,,,,,20,"1,513",106,160264,1105,0.69,3,0.00,~15 um droplets ~15 mm away from the nozzle,203,203,20,1513,160264,1,1,1105,100,100000,0.69,1,3,2000,40,0,DONE
204,,,,,D2O,~15 um droplets ~20 mm away from the nozzle,CXI Feb2011-2,1/22/2013,1:35:18,1:59:09,23:51,9400,50,120,150,3,1.5x1.5,0,1.00E+00,,220,129.0124,-449.9876,,,,,,3.1855,-123.4999,5.3203,-36,-1500480,20.5936527832491,,3.40E-04,,600,320,SINE,1.00E+05,30,,,,,,,,,,20,"1,620",106,171470,983,0.57,0,0.00,~15 um droplets ~20 mm away from the nozzle,204,204,20,1620,171470,1,1,983,100,100000,0.57,1,0,2000,40,0,DONE
205,,,,,D2O,~15 um droplets ~20 mm away from the nozzle,CXI Feb2011-2,1/22/2013,2:00:18,2:20:56,20:38,9400,50,120,150,3,1.5x1.5,240,1.16E-01,,,129.0124,-449.9876,,,,,,3.1963,-123.499,5.3203,-34,-1500484,20.5918884029228,,3.40E-04,,600,320,SINE,1.00E+05,30,,,,,,,,,,20,"1,398",106,148134,802,0.54,0,0.00,~15 um droplets ~20 mm away from the nozzle,205,205,20,1398,148134,1,1,802,100,100000,0.54,1,0,2000,40,0,DONE
206,,,,,D2O,~15 um droplets ~20 mm away from the nozzle,CXI Feb2011-2,1/22/2013,2:20:59,2:42:50,21:51,9400,50,120,150,3,1.5x1.5,240,1.16E-01,,,129.0122,-449.9878,,,,,,3.1982,-123.499,5.3203,-34,-1500484,20.5914254081505,,3.40E-04,,600,320,SINE,1.00E+05,30,,,,,,,,,,20,"1,481",106,156935,827,0.53,1,0.00,~15 um droplets ~20 mm away from the nozzle,206,206,20,1481,156935,1,1,827,100,100000,0.53,1,1,2000,40,0,DONE
207,,,,,dark calibration,,,1/22/2013,2:43:26,2:45:18,2:15,,,,,,,,,,,579,,,,,,,,,,,,,,,,,,,,,,,,,,,,,,5,155,104,16161,0,0.00,0,0.00,,207,207,5,155,16161,1,1,0,50,10000,0,1,0,500,40,0,DONE
208,,,,,D2O,~15 um droplets ~25 mm away from the nozzle,CXI Feb2011-2,1/22/2013,2:45:22,2:47:16,1:54,9400,50,120,150,3,1.5x1.5,240,1.16E-01,,220,129.0124,-449.9876,,,,,,1.9619,-118.499,5.7803,-30,-1500485,25.7623356885833,,3.40E-04,,600,320,SINE,1.00E+05,30,,,,,,,,,,5,130,105,13634,1,0.01,1,0.01,~15 um droplets ~25 mm away from the nozzle,208,208,5,130,13634,1,1,1,100,100000,0.01,1,1,2000,40,0.01,DONE
209,,,,,D2O,~15 um droplets ~25 mm away from the nozzle,CXI Feb2011-2,1/22/2013,2:47:23,3:11:09,23:46,9400,50,120,150,3,1.5x1.5,0,1.00E+00,,220,129.0124,-449.9876,,,,,,1.9658,-118.499,5.7803,-31,-1500491,25.7613856439813,,3.40E-04,,600,320,SINE,1.00E+05,30,,,,,,,,,,20,"1,615",106,170847,710,0.42,4,0.00,~15 um droplets ~25 mm away from the nozzle,209,209,20,1615,170847,1,1,710,100,100000,0.42,1,4,2000,40,0,DONE
210,,,,,D2O,~15 um droplets ~25 mm away from the nozzle,CXI Feb2011-2,1/22/2013,3:11:48,3:41:38,0:29:50,9400,50,120,150,3,1.5x1.5,240,1.16E-01,,,129.0124,-449.9876,,,,,,1.916,-118.5,5.7803,-82,-1500479,25.7724880394239,,3.40E-04,,600,320,SINE,1.00E+05,30,,,,,,,,,,25,"2,024",96,194000,908,0.47,2,0.00,~15 um droplets ~25 mm away from the nozzle,210,210,25,2024,194000,1,1,908,100,100000,0.47,1,2,2000,40,0,JOB NOT FINISHED
211,,,,,D2O,~15 um droplets ~25 mm away from the nozzle,CXI Feb2011-2,1/22/2013,3:41:39,4:05:43,0:24:04,9400,50,120,150,3,1.5x1.5,240,1.16E-01,,,129.0124,-449.9876,,,,,,1.916,-118.5,5.7803,-82,-1500479,25.7724880394239,,3.40E-04,,600,320,SINE,1.00E+05,30,,,,,,,,,,20,"1,634",77,126500,596,0.47,0,0.00,~15 um droplets ~25 mm away from the nozzle,211,211,20,1634,126500,1,1,596,100,100000,0.47,1,0,2000,40,0,JOB NOT FINISHED
212,,,,,dark calibration,,,1/22/2013,4:05:49,4:08:28,2:39,,,,,,,,,,,579,,,,,,,,,,,,,,,,,,,,,,,,,,,,,,5,180,106,19029,0,0.00,0,0.00,,212,212,5,180,19029,1,1,0,50,10000,0,1,0,500,40,0,DONE
213,,,,,D2O,~15 um droplets ~30 mm away from the nozzle,CXI Feb2011-2,1/22/2013,4:08:30,4:10:35,2:05,9400,50,120,150,3,1.5x1.5,240,1.16E-01,,220,129.0124,-449.9876,,,,,,0.6904,-113.4999,6,-82,-1500480,30.921722968687,,3.40E-04,,600,320,SINE,1.00E+05,30,,,,,,,,,,5,140,107,14932,0,0.00,0,0.00,~15 um droplets ~30 mm away from the nozzle,213,213,5,140,14932,1,1,0,100,100000,0,1,0,2000,40,0,DONE
214,,,,,D2O,~15 um droplets ~30 mm away from the nozzle,CXI Feb2011-2,1/22/2013,4:10:38,4:32:08,21:30,9400,50,120,150,3,1.5x1.5,0,1.00E+00,,220,129.0124,-449.9876,,,,,,0.6738,-113.4999,6,-80,-1500476,30.9257705205711,,3.40E-04,,600,320,SINE,1.00E+05,30,,,,,,,,,,20,"1,458",49,71000,221,0.31,1,0.00,~15 um droplets ~30 mm away from the nozzle,214,214,20,1458,71000,1,1,221,100,100000,0.31,1,1,2000,40,0,JOB NOT FINISHED
215,,,,,D2O,~15 um droplets ~30 mm away from the nozzle,CXI Feb2011-2,1/22/2013,4:32:10,4:55:27,23:17,9400,50,120,150,3,1.5x1.5,0,1.00E+00,,220,129.0124,-449.9876,,,,,,0.6738,-113.4999,6,-80,-1500476,30.9257705205711,,3.40E-04,,600,320,SINE,1.00E+05,30,,,,,,,,,,20,"1,579",43,67500,249,0.37,3,0.00,~15 um droplets ~30 mm away from the nozzle,215,215,20,1579,67500,1,1,249,100,100000,0.37,1,3,2000,40,0,JOB NOT FINISHED
216,,,,,D2O,~15 um droplets ~30 mm away from the nozzle,CXI Feb2011-2,1/22/2013,4:57:03,5:25:44,0:28:41,9400,50,120,150,3,1.5x1.5,240,1.16E-01,,,129.0124,-449.9876,,,,,,0.6885,-113.4999,6,-80,-1500472,30.9221908380895,,3.40E-04,,600,320,SINE,1.00E+05,30,,,,,,,,,,25,"1,950",35,68500,377,0.55,2,0.00,~15 um droplets ~30 mm away from the nozzle,216,216,25,1950,68500,1,1,377,100,100000,0.55,1,2,2000,40,0,JOB NOT FINISHED
217,,,,,D2O,~15 um droplets ~30 mm away from the nozzle,CXI Feb2011-2,1/22/2013,5:25:47,6:03:53,0:38:06,9400,50,120,150,3,1.5x1.5,240,1.16E-01,,,129.0124,-449.9876,,,,,,0.708,-113.4999,6,-81,-1500490,30.9174423558111,,3.40E-04,,600,320,SINE,1.00E+05,30,,,,,,,,,,30,"2,585",21,54500,238,0.44,0,0.00,~15 um droplets ~30 mm away from the nozzle,217,217,30,2585,54500,1,1,238,100,100000,0.44,1,0,2000,40,0,JOB NOT FINISHED
218,,,,,D2O,~15 um droplets ~35 mm away from the nozzle,CXI Feb2011-2,1/22/2013,6:10:05,6:45:35,0:35:30,9400,50,120,150,3,1.5x1.5,0,1.00E+00,,220,129.0124,-449.9876,,,,,,0.3398,-108.499,6.5498,167462,-1500480,36.0887446812746,,3.30E-04,,600,320,SINE,1.00E+05,30,,,,,,,,,,30,"2,409",27,64000,282,0.44,3,0.00,~15 um droplets ~35 mm away from the nozzle,218,218,30,2409,64000,1,1,282,100,100000,0.44,1,3,2000,40,0,JOB NOT FINISHED
219,,,,,D2O,~15 um droplets ~35 mm away from the nozzle,CXI Feb2011-2,1/22/2013,6:45:37,6:48:58,3:21,9400,50,120,150,3,1.5x1.5,0,1.00E+00,,220,129.0124,-449.9876,,,,,,0.3398,-108.499,6.5498,167462,-1500480,36.0887446812746,,3.30E-04,,600,320,SINE,1.00E+05,30,,,,,,,,,,5,181,106,19223,136,0.71,1,0.01,~15 um droplets ~35 mm away from the nozzle,219,219,5,181,19223,1,1,136,100,100000,0.71,1,1,2000,40,0.01,DONE
220,,,,,D2O,bad run,CXI Feb2011-2,1/22/2013,,,,9400,50,120,150,3,1.5x1.5,0,1.00E+00,,220,129.0126,-449.9874,,,,,,0.3398,-108.499,6.5498,167462,-1500480,36.0887446812746,,3.30E-04,,600,320,SINE,1.00E+05,30,,,,,,,,,,5,4,0,-1,-1,-1.00,-1,-1.00,bad run,220,220,5,4,-1,-1,-1,-1,-1,-1,-1,0,-1,-1,-1,-1,no cheetah log file inside cheetah dir
221,,,,,D2O,~15 um droplets ~35 mm away from the nozzle,CXI Feb2011-2,1/22/2013,6:49:55,7:05:41,15:46,9400,50,120,150,3,1.5x1.5,0,1.00E+00,,220,129.0124,-449.9876,,,,,,0.3398,-108.499,6.5498,168415,-1500480,36.0898953689256,,3.30E-04,,600,320,SINE,1.00E+05,30,,,,,,,,,,16,"1,069",86,91500,448,0.49,1,0.00,~15 um droplets ~35 mm away from the nozzle,221,221,16,1069,91500,1,1,448,100,100000,0.49,1,1,2000,40,0,JOB NOT FINISHED
222,,,,,dark calibration,,,1/22/2013,,,,,,,,,,,,,,579,,,,,,,,,,,,,,,,,,,,,,,,,,,,,,4,81,104,8404,0,0.00,0,0.00,,222,222,4,81,8404,1,1,0,50,10000,0,1,0,500,40,0,DONE
223,,,,,D2O,~15 um droplets ~35 mm away from the nozzle,CXI Feb2011-2,1/22/2013,,,,9400,50,120,150,3,1.5x1.5,240,1.16E-01,,,129.0124,-449.9876,,,,,,0.3398,-108.499,6.6504,164352,-1500482,36.0932149847631,,3.30E-04,,600,320,SINE,1.00E+05,30,,,,,,,,,,12,749,106,79365,470,0.59,2,0.00,~15 um droplets ~35 mm away from the nozzle,223,223,12,749,79365,1,1,470,100,100000,0.59,1,2,2000,40,0,DONE
224,,,,,D2O,~15 um droplets ~35 mm away from the nozzle,CXI Feb2011-2,1/22/2013,,,,9400,50,120,150,3,1.5x1.5,240,1.16E-01,,,129.0124,-449.9876,,,,,,0.3398,-108.499,6.6504,164352,-1500475,36.0932178938073,,3.30E-04,,600,320,SINE,1.00E+05,30,,,,,,,,,,20,"1,772",41,72000,474,0.66,2,0.00,~15 um droplets ~35 mm away from the nozzle,224,224,20,1772,72000,1,1,474,100,100000,0.66,1,2,2000,40,0,JOB NOT FINISHED
225,,,,,D2O,~15 um droplets ~35 mm away from the nozzle,CXI Feb2011-2,1/22/2013,,,,9400,50,120,150,3,1.5x1.5,240,1.16E-01,,,129.0124,-449.9876,,,,,,0.3398,-108.499,6.6504,164334,-1500485,36.0931920513364,,3.30E-04,,600,320,SINE,1.00E+05,30,,,,,,,,,,20,"1,428",13,18500,74,0.40,0,0.00,~15 um droplets ~35 mm away from the nozzle,225,225,20,1428,18500,1,1,74,100,100000,0.4,1,0,2000,40,0,JOB NOT FINISHED
226,,,,,dark calibration,,,1/22/2013,,,,,,,,,,,,,,579,,,,,,,,,,,,,,,,,,,,,,,,,,,,,,5,215,85,18268,0,0.00,0,0.00,,226,226,5,215,18268,1,1,0,50,10000,0,1,0,500,40,0,XTC not all
227,,,,,D2O,~15 um droplets ~40 mm away from the nozzle,CXI Feb2011-2,1/22/2013,,,,9400,50,120,150,3,1.5x1.5,400,2.78E-02,,,129.0124,-449.9876,,,,,,0.3398,-103.499,6.9102,401808,-1500485,41.2361240957713,,3.30E-04,,600,320,SINE,1.00E+05,30,,,,,,,,,,15,"1,015",20,20399,13,0.06,1,0.00,~15 um droplets ~40 mm away from the nozzle,227,227,15,1015,20399,1,1,13,100,100000,0.06,1,1,2000,40,0,XTC inprogress
228,,,,,D2O,~15 um droplets ~40 mm away from the nozzle,CXI Feb2011-2,1/22/2013,,,,9400,50,120,150,3,1.5x1.5,240,1.16E-01,,,129.0126,-449.9874,,,,,,0.3398,-103.499,6.9102,398749,-1500479,41.232462868181,,3.30E-04,,600,320,SINE,1.00E+05,30,,,,,,,,,,15,"1,380",28,38000,96,0.25,1,0.00,~15 um droplets ~40 mm away from the nozzle,228,228,15,1380,38000,1,1,96,100,100000,0.25,1,1,2000,40,0,JOB NOT FINISHED
229,,,,,D2O,~15 um droplets ~40 mm away from the nozzle,CXI Feb2011-2,1/22/2013,,,,9400,50,120,150,3,1.5x1.5,240,1.16E-01,,,129.0124,-449.9876,,,,,,0.3398,-103.499,6.9102,393613,-1500487,41.2263206252065,,3.30E-04,,600,320,SINE,1.00E+05,30,,,,,,,,,,15,975,13,12500,39,0.31,0,0.00,~15 um droplets ~40 mm away from the nozzle,229,229,15,975,12500,1,1,39,100,100000,0.31,1,0,2000,40,0,JOB NOT FINISHED
230,,,,,dark calibration,,,1/22/2013,,,,,,,,,,,,,,579,,,,,,,,,,,,,,,,,,,,,,,,,,,,,,5,95,107,10157,0,0.00,0,0.00,,230,230,5,95,10157,1,1,0,100,100000,0,1,0,2000,40,0,DONE